ticket_id,customer_reply_at,resolution_accepted,customer_feedback_text,rejection_reason,verified_rejection,reopened_flag,closed_at,verified_by_it_member_id,verification_notes,next_action,closure_reason
TKT-00001,2026-01-21T11:19:17,true,Resolved. Closing the loop on our end.,"",false,false,2026-01-21T11:55:34,"",Customer confirmed resolution; no rejection verification needed.,close_ticket,accepted_by_customer
TKT-00002,2026-03-22T22:48:07,true,Resolved. Closing the loop on our end.,"",false,false,2026-03-22T23:30:34,"",Customer confirmed resolution; no rejection verification needed.,close_ticket,accepted_by_customer
TKT-00003,2026-03-23T13:44:51,true,"Worked perfectly, thanks!","",false,false,2026-03-23T14:42:25,"",Customer confirmed resolution; no rejection verification needed.,close_ticket,accepted_by_customer
TKT-00004,2026-03-17T16:04:46,true,Resolved. Closing the loop on our end.,"",false,false,2026-03-17T16:44:43,"",Customer confirmed resolution; no rejection verification needed.,close_ticket,accepted_by_customer
TKT-00005,2026-01-27T14:48:05,true,Confirmed fixed. Thank you.,"",false,false,2026-01-27T16:02:28,"",Customer confirmed resolution; no rejection verification needed.,close_ticket,accepted_by_customer
TKT-00006,2026-02-01T20:23:37,true,"Worked perfectly, thanks!","",false,false,2026-02-01T21:58:34,"",Customer confirmed resolution; no rejection verification needed.,close_ticket,accepted_by_customer
TKT-00007,2026-01-18T17:44:50,true,"Worked perfectly, thanks!","",false,false,2026-01-18T18:01:24,"",Customer confirmed resolution; no rejection verification needed.,close_ticket,accepted_by_customer
TKT-00008,2026-03-06T11:46:25,false,Tried the steps but the problem is still happening.,Issue recurred after a few hours,true,true,"",IT-002,IT reviewed the customer's reply and confirmed the symptom is still in scope.,reopen_and_escalate,pending_reopened_review
TKT-00008,2026-03-07T20:59:54,true,Confirmed fixed after the deeper investigation. Thanks for the persistence.,"",false,false,2026-03-07T22:28:49,"",Customer confirmed resolution after reopened specialist review.,close_ticket,accepted_after_reopen
TKT-00009,2026-02-21T19:56:33,false,Tried the steps but the problem is still happening.,Need different approach,true,true,"",IT-008,IT reviewed the customer's reply and confirmed the symptom is still in scope.,reopen_and_escalate,pending_reopened_review
TKT-00009,2026-02-25T08:13:36,true,Confirmed fixed after the deeper investigation. Thanks for the persistence.,"",false,false,2026-02-25T08:30:05,"",Customer confirmed resolution after reopened specialist review.,close_ticket,accepted_after_reopen
TKT-00010,2026-02-13T14:49:05,true,Resolved. Closing the loop on our end.,"",false,false,2026-02-13T15:36:14,"",Customer confirmed resolution; no rejection verification needed.,close_ticket,accepted_by_customer
TKT-00011,2026-02-08T03:34:06,true,All set — appreciate the quick turnaround.,"",false,false,2026-02-08T05:33:48,"",Customer confirmed resolution; no rejection verification needed.,close_ticket,accepted_by_customer
TKT-00012,2026-01-20T17:47:13,false,Tried the steps but the problem is still happening.,Steps did not resolve the issue,true,true,"",IT-006,IT reviewed the customer's reply and confirmed the symptom is still in scope.,reopen_and_escalate,pending_reopened_review
TKT-00012,2026-01-21T14:14:27,false,Not fixed yet — escalated to vendor on our side.,Issue still persists after re-investigation,true,false,2026-01-21T18:06:48,IT-006,IT verified continued failure and closed as unresolved with vendor-side follow-up.,close_unresolved_vendor_followup,unresolved_after_reopen
TKT-00013,2026-03-20T00:31:23,false,Tried the steps but the problem is still happening.,Solution applied but symptom persists,true,false,2026-03-20T04:20:51,IT-001,IT verified rejection but did not reopen because no actionable internal path remained.,close_unresolved,unresolved_no_reopen
TKT-00014,2026-02-09T11:13:20,true,Resolved. Closing the loop on our end.,"",false,false,2026-02-09T12:39:55,"",Customer confirmed resolution; no rejection verification needed.,close_ticket,accepted_by_customer
TKT-00015,2026-01-21T06:27:12,true,Confirmed fixed. Thank you.,"",false,false,2026-01-21T08:19:39,"",Customer confirmed resolution; no rejection verification needed.,close_ticket,accepted_by_customer
TKT-00016,2026-02-05T23:55:26,true,Resolved. Closing the loop on our end.,"",false,false,2026-02-06T00:08:36,"",Customer confirmed resolution; no rejection verification needed.,close_ticket,accepted_by_customer
TKT-00017,2026-03-11T16:50:14,true,All set — appreciate the quick turnaround.,"",false,false,2026-03-11T18:49:05,"",Customer confirmed resolution; no rejection verification needed.,close_ticket,accepted_by_customer
TKT-00018,2026-03-14T10:25:02,true,All set — appreciate the quick turnaround.,"",false,false,2026-03-14T11:08:06,"",Customer confirmed resolution; no rejection verification needed.,close_ticket,accepted_by_customer
TKT-00019,2026-02-11T23:19:28,true,"Worked perfectly, thanks!","",false,false,2026-02-12T00:47:20,"",Customer confirmed resolution; no rejection verification needed.,close_ticket,accepted_by_customer
TKT-00020,2026-03-12T01:26:21,true,"Worked perfectly, thanks!","",false,false,2026-03-12T03:03:03,"",Customer confirmed resolution; no rejection verification needed.,close_ticket,accepted_by_customer
TKT-00021,2026-02-23T21:44:00,true,Resolved. Closing the loop on our end.,"",false,false,2026-02-23T23:27:52,"",Customer confirmed resolution; no rejection verification needed.,close_ticket,accepted_by_customer
TKT-00022,2026-02-18T11:27:29,false,Tried the steps but the problem is still happening.,Solution applied but symptom persists,true,true,"",IT-006,IT reviewed the customer's reply and confirmed the symptom is still in scope.,reopen_and_escalate,pending_reopened_review
TKT-00022,2026-02-21T10:55:27,true,Confirmed fixed after the deeper investigation. Thanks for the persistence.,"",false,false,2026-02-21T11:42:14,"",Customer confirmed resolution after reopened specialist review.,close_ticket,accepted_after_reopen
TKT-00023,2026-03-23T12:49:38,true,"Worked perfectly, thanks!","",false,false,2026-03-23T14:21:51,"",Customer confirmed resolution; no rejection verification needed.,close_ticket,accepted_by_customer
TKT-00024,2026-03-08T14:16:47,true,All set — appreciate the quick turnaround.,"",false,false,2026-03-08T15:42:58,"",Customer confirmed resolution; no rejection verification needed.,close_ticket,accepted_by_customer
TKT-00025,2026-02-27T10:30:23,false,Tried the steps but the problem is still happening.,Solution applied but symptom persists,true,true,"",IT-003,IT reviewed the customer's reply and confirmed the symptom is still in scope.,reopen_and_escalate,pending_reopened_review
TKT-00025,2026-02-28T04:10:57,true,Confirmed fixed after the deeper investigation. Thanks for the persistence.,"",false,false,2026-02-28T05:41:17,"",Customer confirmed resolution after reopened specialist review.,close_ticket,accepted_after_reopen
TKT-00026,2026-02-06T13:41:09,true,"Worked perfectly, thanks!","",false,false,2026-02-06T15:18:36,"",Customer confirmed resolution; no rejection verification needed.,close_ticket,accepted_by_customer
TKT-00027,2026-03-27T04:39:25,true,Confirmed fixed. Thank you.,"",false,false,2026-03-27T05:55:17,"",Customer confirmed resolution; no rejection verification needed.,close_ticket,accepted_by_customer
TKT-00028,2026-03-06T22:26:15,true,All set — appreciate the quick turnaround.,"",false,false,2026-03-06T23:15:16,"",Customer confirmed resolution; no rejection verification needed.,close_ticket,accepted_by_customer
TKT-00029,2026-03-22T00:29:49,true,Confirmed fixed. Thank you.,"",false,false,2026-03-22T01:59:59,"",Customer confirmed resolution; no rejection verification needed.,close_ticket,accepted_by_customer
TKT-00030,2026-02-13T05:51:50,false,Tried the steps but the problem is still happening.,Solution applied but symptom persists,true,false,2026-02-13T10:58:58,IT-004,IT verified rejection but did not reopen because no actionable internal path remained.,close_unresolved,unresolved_no_reopen
TKT-00031,2026-02-04T02:36:48,true,All set — appreciate the quick turnaround.,"",false,false,2026-02-04T03:03:40,"",Customer confirmed resolution; no rejection verification needed.,close_ticket,accepted_by_customer
TKT-00032,2026-03-28T23:33:40,true,Resolved. Closing the loop on our end.,"",false,false,2026-03-29T00:57:01,"",Customer confirmed resolution; no rejection verification needed.,close_ticket,accepted_by_customer
TKT-00033,2026-03-24T10:34:21,true,Resolved. Closing the loop on our end.,"",false,false,2026-03-24T12:05:13,"",Customer confirmed resolution; no rejection verification needed.,close_ticket,accepted_by_customer
TKT-00034,2026-01-22T22:25:27,true,Resolved. Closing the loop on our end.,"",false,false,2026-01-23T00:20:27,"",Customer confirmed resolution; no rejection verification needed.,close_ticket,accepted_by_customer
TKT-00035,2026-03-17T00:00:07,true,Confirmed fixed. Thank you.,"",false,false,2026-03-17T01:18:15,"",Customer confirmed resolution; no rejection verification needed.,close_ticket,accepted_by_customer
TKT-00036,2026-02-14T14:07:18,true,Confirmed fixed. Thank you.,"",false,false,2026-02-14T14:29:25,"",Customer confirmed resolution; no rejection verification needed.,close_ticket,accepted_by_customer
TKT-00037,2026-02-17T03:55:37,true,Confirmed fixed. Thank you.,"",false,false,2026-02-17T05:06:53,"",Customer confirmed resolution; no rejection verification needed.,close_ticket,accepted_by_customer
TKT-00038,2026-02-27T22:23:39,true,All set — appreciate the quick turnaround.,"",false,false,2026-02-27T22:37:14,"",Customer confirmed resolution; no rejection verification needed.,close_ticket,accepted_by_customer
TKT-00039,2026-02-04T13:48:12,true,Resolved. Closing the loop on our end.,"",false,false,2026-02-04T15:15:18,"",Customer confirmed resolution; no rejection verification needed.,close_ticket,accepted_by_customer
TKT-00040,2026-03-03T07:09:56,true,Resolved. Closing the loop on our end.,"",false,false,2026-03-03T09:04:48,"",Customer confirmed resolution; no rejection verification needed.,close_ticket,accepted_by_customer
TKT-00041,2026-02-10T19:09:25,true,Confirmed fixed. Thank you.,"",false,false,2026-02-10T19:38:02,"",Customer confirmed resolution; no rejection verification needed.,close_ticket,accepted_by_customer
TKT-00042,2026-02-04T11:38:48,true,All set — appreciate the quick turnaround.,"",false,false,2026-02-04T12:37:12,"",Customer confirmed resolution; no rejection verification needed.,close_ticket,accepted_by_customer
TKT-00043,2026-01-19T02:04:22,true,Resolved. Closing the loop on our end.,"",false,false,2026-01-19T03:34:23,"",Customer confirmed resolution; no rejection verification needed.,close_ticket,accepted_by_customer
TKT-00044,2026-03-21T15:29:09,true,All set — appreciate the quick turnaround.,"",false,false,2026-03-21T17:28:35,"",Customer confirmed resolution; no rejection verification needed.,close_ticket,accepted_by_customer
TKT-00045,2026-02-09T07:10:39,true,Confirmed fixed. Thank you.,"",false,false,2026-02-09T08:37:10,"",Customer confirmed resolution; no rejection verification needed.,close_ticket,accepted_by_customer
TKT-00046,2026-02-03T23:05:52,true,Confirmed fixed. Thank you.,"",false,false,2026-02-04T00:09:57,"",Customer confirmed resolution; no rejection verification needed.,close_ticket,accepted_by_customer
TKT-00047,2026-03-26T12:10:40,true,"Worked perfectly, thanks!","",false,false,2026-03-26T12:52:13,"",Customer confirmed resolution; no rejection verification needed.,close_ticket,accepted_by_customer
TKT-00048,2026-01-22T02:41:25,true,Resolved. Closing the loop on our end.,"",false,false,2026-01-22T04:40:01,"",Customer confirmed resolution; no rejection verification needed.,close_ticket,accepted_by_customer
TKT-00049,2026-03-14T22:16:19,true,"Worked perfectly, thanks!","",false,false,2026-03-14T22:33:38,"",Customer confirmed resolution; no rejection verification needed.,close_ticket,accepted_by_customer
TKT-00050,2026-02-23T14:04:57,true,All set — appreciate the quick turnaround.,"",false,false,2026-02-23T14:19:30,"",Customer confirmed resolution; no rejection verification needed.,close_ticket,accepted_by_customer
TKT-00051,2026-02-25T12:57:37,true,All set — appreciate the quick turnaround.,"",false,false,2026-02-25T13:54:55,"",Customer confirmed resolution; no rejection verification needed.,close_ticket,accepted_by_customer
TKT-00052,2026-01-19T15:37:08,true,Resolved. Closing the loop on our end.,"",false,false,2026-01-19T16:23:17,"",Customer confirmed resolution; no rejection verification needed.,close_ticket,accepted_by_customer
TKT-00053,2026-04-02T14:58:38,true,Confirmed fixed. Thank you.,"",false,false,2026-04-02T15:40:28,"",Customer confirmed resolution; no rejection verification needed.,close_ticket,accepted_by_customer
TKT-00054,2026-02-14T14:09:18,false,Tried the steps but the problem is still happening.,Solution applied but symptom persists,true,false,2026-02-14T19:36:55,IT-005,IT verified rejection but did not reopen because no actionable internal path remained.,close_unresolved,unresolved_no_reopen
TKT-00055,2026-02-11T00:20:35,true,"Worked perfectly, thanks!","",false,false,2026-02-11T01:32:40,"",Customer confirmed resolution; no rejection verification needed.,close_ticket,accepted_by_customer
TKT-00056,2026-03-07T23:55:19,true,"Worked perfectly, thanks!","",false,false,2026-03-08T00:30:13,"",Customer confirmed resolution; no rejection verification needed.,close_ticket,accepted_by_customer
TKT-00057,2026-02-16T15:37:11,true,All set — appreciate the quick turnaround.,"",false,false,2026-02-16T16:42:48,"",Customer confirmed resolution; no rejection verification needed.,close_ticket,accepted_by_customer
TKT-00058,2026-03-25T10:08:33,true,Resolved. Closing the loop on our end.,"",false,false,2026-03-25T11:18:21,"",Customer confirmed resolution; no rejection verification needed.,close_ticket,accepted_by_customer
TKT-00059,2026-01-18T08:04:51,true,"Worked perfectly, thanks!","",false,false,2026-01-18T08:36:49,"",Customer confirmed resolution; no rejection verification needed.,close_ticket,accepted_by_customer
TKT-00060,2026-03-16T09:51:13,true,Confirmed fixed. Thank you.,"",false,false,2026-03-16T10:42:58,"",Customer confirmed resolution; no rejection verification needed.,close_ticket,accepted_by_customer
TKT-00061,2026-02-25T15:39:38,false,Tried the steps but the problem is still happening.,Need different approach,true,true,"",IT-005,IT reviewed the customer's reply and confirmed the symptom is still in scope.,reopen_and_escalate,pending_reopened_review
TKT-00061,2026-02-26T14:04:08,true,Confirmed fixed after the deeper investigation. Thanks for the persistence.,"",false,false,2026-02-26T14:14:43,"",Customer confirmed resolution after reopened specialist review.,close_ticket,accepted_after_reopen
TKT-00062,2026-01-19T09:19:44,true,All set — appreciate the quick turnaround.,"",false,false,2026-01-19T11:18:41,"",Customer confirmed resolution; no rejection verification needed.,close_ticket,accepted_by_customer
TKT-00063,2026-03-27T19:15:58,true,"Worked perfectly, thanks!","",false,false,2026-03-27T19:36:51,"",Customer confirmed resolution; no rejection verification needed.,close_ticket,accepted_by_customer
TKT-00064,2026-03-13T08:38:03,true,"Worked perfectly, thanks!","",false,false,2026-03-13T09:00:50,"",Customer confirmed resolution; no rejection verification needed.,close_ticket,accepted_by_customer
TKT-00065,2026-01-20T02:02:02,true,Resolved. Closing the loop on our end.,"",false,false,2026-01-20T02:50:07,"",Customer confirmed resolution; no rejection verification needed.,close_ticket,accepted_by_customer
TKT-00066,2026-03-24T14:49:52,true,Confirmed fixed. Thank you.,"",false,false,2026-03-24T14:58:30,"",Customer confirmed resolution; no rejection verification needed.,close_ticket,accepted_by_customer
TKT-00067,2026-02-08T01:01:06,true,Resolved. Closing the loop on our end.,"",false,false,2026-02-08T01:46:28,"",Customer confirmed resolution; no rejection verification needed.,close_ticket,accepted_by_customer
TKT-00068,2026-03-31T22:30:17,false,Tried the steps but the problem is still happening.,Need different approach,true,true,"",IT-006,IT reviewed the customer's reply and confirmed the symptom is still in scope.,reopen_and_escalate,pending_reopened_review
TKT-00068,2026-04-03T21:28:37,true,Confirmed fixed after the deeper investigation. Thanks for the persistence.,"",false,false,2026-04-03T22:07:51,"",Customer confirmed resolution after reopened specialist review.,close_ticket,accepted_after_reopen
TKT-00069,2026-01-19T21:57:56,false,Tried the steps but the problem is still happening.,Steps did not resolve the issue,true,true,"",IT-003,IT reviewed the customer's reply and confirmed the symptom is still in scope.,reopen_and_escalate,pending_reopened_review
TKT-00069,2026-01-22T20:43:19,true,Confirmed fixed after the deeper investigation. Thanks for the persistence.,"",false,false,2026-01-22T22:39:13,"",Customer confirmed resolution after reopened specialist review.,close_ticket,accepted_after_reopen
TKT-00070,2026-03-11T19:06:07,false,Tried the steps but the problem is still happening.,Issue recurred after a few hours,true,false,2026-03-12T00:52:30,IT-002,IT verified rejection but did not reopen because no actionable internal path remained.,close_unresolved,unresolved_no_reopen
TKT-00071,2026-01-21T00:57:02,true,Confirmed fixed. Thank you.,"",false,false,2026-01-21T02:51:23,"",Customer confirmed resolution; no rejection verification needed.,close_ticket,accepted_by_customer
TKT-00072,2026-02-08T15:03:38,true,Resolved. Closing the loop on our end.,"",false,false,2026-02-08T16:57:53,"",Customer confirmed resolution; no rejection verification needed.,close_ticket,accepted_by_customer
TKT-00073,2026-01-29T12:30:59,true,Resolved. Closing the loop on our end.,"",false,false,2026-01-29T13:48:26,"",Customer confirmed resolution; no rejection verification needed.,close_ticket,accepted_by_customer
TKT-00074,2026-01-23T19:24:17,true,Resolved. Closing the loop on our end.,"",false,false,2026-01-23T21:15:12,"",Customer confirmed resolution; no rejection verification needed.,close_ticket,accepted_by_customer
TKT-00075,2026-04-02T18:00:40,true,"Worked perfectly, thanks!","",false,false,2026-04-02T18:21:10,"",Customer confirmed resolution; no rejection verification needed.,close_ticket,accepted_by_customer
TKT-00076,2026-03-15T06:12:04,true,Resolved. Closing the loop on our end.,"",false,false,2026-03-15T07:08:05,"",Customer confirmed resolution; no rejection verification needed.,close_ticket,accepted_by_customer
TKT-00077,2026-03-07T10:17:36,true,"Worked perfectly, thanks!","",false,false,2026-03-07T10:36:31,"",Customer confirmed resolution; no rejection verification needed.,close_ticket,accepted_by_customer
TKT-00078,2026-02-06T15:46:44,true,"Worked perfectly, thanks!","",false,false,2026-02-06T17:30:17,"",Customer confirmed resolution; no rejection verification needed.,close_ticket,accepted_by_customer
TKT-00079,2026-03-22T19:56:23,true,Confirmed fixed. Thank you.,"",false,false,2026-03-22T21:07:47,"",Customer confirmed resolution; no rejection verification needed.,close_ticket,accepted_by_customer
TKT-00080,2026-03-14T07:40:20,true,Confirmed fixed. Thank you.,"",false,false,2026-03-14T08:34:08,"",Customer confirmed resolution; no rejection verification needed.,close_ticket,accepted_by_customer
TKT-00081,2026-03-20T14:53:38,true,Resolved. Closing the loop on our end.,"",false,false,2026-03-20T15:16:31,"",Customer confirmed resolution; no rejection verification needed.,close_ticket,accepted_by_customer
TKT-00082,2026-03-19T20:08:59,false,Tried the steps but the problem is still happening.,Solution applied but symptom persists,true,true,"",IT-002,IT reviewed the customer's reply and confirmed the symptom is still in scope.,reopen_and_escalate,pending_reopened_review
TKT-00082,2026-03-21T08:16:41,false,Not fixed yet — escalated to vendor on our side.,Issue still persists after re-investigation,true,false,2026-03-21T09:34:02,IT-002,IT verified continued failure and closed as unresolved with vendor-side follow-up.,close_unresolved_vendor_followup,unresolved_after_reopen
TKT-00083,2026-03-09T04:02:58,true,Resolved. Closing the loop on our end.,"",false,false,2026-03-09T05:21:08,"",Customer confirmed resolution; no rejection verification needed.,close_ticket,accepted_by_customer
TKT-00084,2026-01-20T09:39:17,false,Tried the steps but the problem is still happening.,Solution applied but symptom persists,true,true,"",IT-008,IT reviewed the customer's reply and confirmed the symptom is still in scope.,reopen_and_escalate,pending_reopened_review
TKT-00084,2026-01-23T10:56:48,true,Confirmed fixed after the deeper investigation. Thanks for the persistence.,"",false,false,2026-01-23T11:10:50,"",Customer confirmed resolution after reopened specialist review.,close_ticket,accepted_after_reopen
TKT-00085,2026-03-01T19:46:09,false,Tried the steps but the problem is still happening.,Steps did not resolve the issue,true,true,"",IT-003,IT reviewed the customer's reply and confirmed the symptom is still in scope.,reopen_and_escalate,pending_reopened_review
TKT-00085,2026-03-04T01:38:42,true,Confirmed fixed after the deeper investigation. Thanks for the persistence.,"",false,false,2026-03-04T02:06:42,"",Customer confirmed resolution after reopened specialist review.,close_ticket,accepted_after_reopen
TKT-00086,2026-02-26T02:42:28,false,Tried the steps but the problem is still happening.,Issue recurred after a few hours,true,true,"",IT-007,IT reviewed the customer's reply and confirmed the symptom is still in scope.,reopen_and_escalate,pending_reopened_review
TKT-00086,2026-03-01T07:53:31,false,Not fixed yet — escalated to vendor on our side.,Issue still persists after re-investigation,true,false,2026-03-01T13:17:17,IT-007,IT verified continued failure and closed as unresolved with vendor-side follow-up.,close_unresolved_vendor_followup,unresolved_after_reopen
TKT-00087,2026-03-01T09:39:43,true,Resolved. Closing the loop on our end.,"",false,false,2026-03-01T10:08:28,"",Customer confirmed resolution; no rejection verification needed.,close_ticket,accepted_by_customer
TKT-00088,2026-03-27T16:30:14,true,Resolved. Closing the loop on our end.,"",false,false,2026-03-27T17:02:35,"",Customer confirmed resolution; no rejection verification needed.,close_ticket,accepted_by_customer
TKT-00089,2026-04-01T04:58:00,true,"Worked perfectly, thanks!","",false,false,2026-04-01T06:14:21,"",Customer confirmed resolution; no rejection verification needed.,close_ticket,accepted_by_customer
TKT-00090,2026-03-22T13:25:08,true,"Worked perfectly, thanks!","",false,false,2026-03-22T14:05:50,"",Customer confirmed resolution; no rejection verification needed.,close_ticket,accepted_by_customer
TKT-00091,2026-02-14T19:38:52,true,All set — appreciate the quick turnaround.,"",false,false,2026-02-14T21:31:23,"",Customer confirmed resolution; no rejection verification needed.,close_ticket,accepted_by_customer
TKT-00092,2026-01-23T20:13:13,true,Confirmed fixed. Thank you.,"",false,false,2026-01-23T20:49:50,"",Customer confirmed resolution; no rejection verification needed.,close_ticket,accepted_by_customer
TKT-00093,2026-03-26T13:39:28,true,All set — appreciate the quick turnaround.,"",false,false,2026-03-26T14:09:40,"",Customer confirmed resolution; no rejection verification needed.,close_ticket,accepted_by_customer
TKT-00094,2026-02-22T19:14:48,true,Resolved. Closing the loop on our end.,"",false,false,2026-02-22T20:55:04,"",Customer confirmed resolution; no rejection verification needed.,close_ticket,accepted_by_customer
TKT-00095,2026-02-25T09:15:44,false,Tried the steps but the problem is still happening.,Need different approach,true,true,"",IT-001,IT reviewed the customer's reply and confirmed the symptom is still in scope.,reopen_and_escalate,pending_reopened_review
TKT-00095,2026-02-26T16:06:42,true,Confirmed fixed after the deeper investigation. Thanks for the persistence.,"",false,false,2026-02-26T16:56:22,"",Customer confirmed resolution after reopened specialist review.,close_ticket,accepted_after_reopen
TKT-00096,2026-03-21T05:19:49,false,Tried the steps but the problem is still happening.,Need different approach,true,true,"",IT-001,IT reviewed the customer's reply and confirmed the symptom is still in scope.,reopen_and_escalate,pending_reopened_review
TKT-00096,2026-03-22T07:37:52,false,Not fixed yet — escalated to vendor on our side.,Issue still persists after re-investigation,true,false,2026-03-22T11:34:28,IT-001,IT verified continued failure and closed as unresolved with vendor-side follow-up.,close_unresolved_vendor_followup,unresolved_after_reopen
TKT-00097,2026-01-21T05:20:28,true,Confirmed fixed. Thank you.,"",false,false,2026-01-21T07:15:11,"",Customer confirmed resolution; no rejection verification needed.,close_ticket,accepted_by_customer
TKT-00098,2026-02-27T17:51:41,true,Resolved. Closing the loop on our end.,"",false,false,2026-02-27T19:16:47,"",Customer confirmed resolution; no rejection verification needed.,close_ticket,accepted_by_customer
TKT-00099,2026-01-28T03:58:40,true,"Worked perfectly, thanks!","",false,false,2026-01-28T04:45:02,"",Customer confirmed resolution; no rejection verification needed.,close_ticket,accepted_by_customer
TKT-00100,2026-02-25T18:26:13,true,All set — appreciate the quick turnaround.,"",false,false,2026-02-25T18:55:22,"",Customer confirmed resolution; no rejection verification needed.,close_ticket,accepted_by_customer
TKT-00101,2026-03-08T11:34:56,true,Resolved. Closing the loop on our end.,"",false,false,2026-03-08T12:27:21,"",Customer confirmed resolution; no rejection verification needed.,close_ticket,accepted_by_customer
TKT-00102,2026-02-03T19:52:25,false,Tried the steps but the problem is still happening.,Steps did not resolve the issue,true,true,"",IT-005,IT reviewed the customer's reply and confirmed the symptom is still in scope.,reopen_and_escalate,pending_reopened_review
TKT-00102,2026-02-05T17:34:23,true,Confirmed fixed after the deeper investigation. Thanks for the persistence.,"",false,false,2026-02-05T18:46:55,"",Customer confirmed resolution after reopened specialist review.,close_ticket,accepted_after_reopen
TKT-00103,2026-02-05T03:47:22,true,Confirmed fixed. Thank you.,"",false,false,2026-02-05T05:27:31,"",Customer confirmed resolution; no rejection verification needed.,close_ticket,accepted_by_customer
TKT-00104,2026-02-14T02:54:01,true,All set — appreciate the quick turnaround.,"",false,false,2026-02-14T03:38:20,"",Customer confirmed resolution; no rejection verification needed.,close_ticket,accepted_by_customer
TKT-00105,2026-03-27T19:22:43,true,Resolved. Closing the loop on our end.,"",false,false,2026-03-27T20:04:39,"",Customer confirmed resolution; no rejection verification needed.,close_ticket,accepted_by_customer
TKT-00106,2026-02-27T14:26:15,false,Tried the steps but the problem is still happening.,Steps did not resolve the issue,true,true,"",IT-004,IT reviewed the customer's reply and confirmed the symptom is still in scope.,reopen_and_escalate,pending_reopened_review
TKT-00106,2026-03-02T19:40:00,true,Confirmed fixed after the deeper investigation. Thanks for the persistence.,"",false,false,2026-03-02T20:40:18,"",Customer confirmed resolution after reopened specialist review.,close_ticket,accepted_after_reopen
TKT-00107,2026-03-31T05:19:50,false,Tried the steps but the problem is still happening.,Steps did not resolve the issue,true,true,"",IT-004,IT reviewed the customer's reply and confirmed the symptom is still in scope.,reopen_and_escalate,pending_reopened_review
TKT-00107,2026-04-01T13:49:33,false,Not fixed yet — escalated to vendor on our side.,Issue still persists after re-investigation,true,false,2026-04-01T18:15:44,IT-004,IT verified continued failure and closed as unresolved with vendor-side follow-up.,close_unresolved_vendor_followup,unresolved_after_reopen
TKT-00108,2026-03-24T12:00:17,true,Resolved. Closing the loop on our end.,"",false,false,2026-03-24T12:49:52,"",Customer confirmed resolution; no rejection verification needed.,close_ticket,accepted_by_customer
TKT-00109,2026-01-26T22:24:04,true,"Worked perfectly, thanks!","",false,false,2026-01-26T23:06:03,"",Customer confirmed resolution; no rejection verification needed.,close_ticket,accepted_by_customer
TKT-00110,2026-01-23T05:14:52,true,All set — appreciate the quick turnaround.,"",false,false,2026-01-23T05:45:03,"",Customer confirmed resolution; no rejection verification needed.,close_ticket,accepted_by_customer
TKT-00111,2026-01-20T17:07:55,false,Tried the steps but the problem is still happening.,Steps did not resolve the issue,true,true,"",IT-008,IT reviewed the customer's reply and confirmed the symptom is still in scope.,reopen_and_escalate,pending_reopened_review
TKT-00111,2026-01-22T00:10:05,true,Confirmed fixed after the deeper investigation. Thanks for the persistence.,"",false,false,2026-01-22T00:17:47,"",Customer confirmed resolution after reopened specialist review.,close_ticket,accepted_after_reopen
TKT-00112,2026-04-03T09:39:52,false,Tried the steps but the problem is still happening.,Solution applied but symptom persists,true,false,2026-04-03T17:43:08,IT-008,IT verified rejection but did not reopen because no actionable internal path remained.,close_unresolved,unresolved_no_reopen
TKT-00113,2026-03-02T03:30:34,true,Resolved. Closing the loop on our end.,"",false,false,2026-03-02T04:02:48,"",Customer confirmed resolution; no rejection verification needed.,close_ticket,accepted_by_customer
TKT-00114,2026-01-25T16:24:19,true,Confirmed fixed. Thank you.,"",false,false,2026-01-25T17:40:48,"",Customer confirmed resolution; no rejection verification needed.,close_ticket,accepted_by_customer
TKT-00115,2026-02-12T21:05:57,true,All set — appreciate the quick turnaround.,"",false,false,2026-02-12T21:40:47,"",Customer confirmed resolution; no rejection verification needed.,close_ticket,accepted_by_customer
TKT-00116,2026-03-17T21:52:57,true,"Worked perfectly, thanks!","",false,false,2026-03-17T23:06:17,"",Customer confirmed resolution; no rejection verification needed.,close_ticket,accepted_by_customer
TKT-00117,2026-02-01T19:54:22,true,All set — appreciate the quick turnaround.,"",false,false,2026-02-01T20:24:25,"",Customer confirmed resolution; no rejection verification needed.,close_ticket,accepted_by_customer
TKT-00118,2026-02-25T13:43:58,false,Tried the steps but the problem is still happening.,Solution applied but symptom persists,true,true,"",IT-008,IT reviewed the customer's reply and confirmed the symptom is still in scope.,reopen_and_escalate,pending_reopened_review
TKT-00118,2026-02-26T23:24:19,true,Confirmed fixed after the deeper investigation. Thanks for the persistence.,"",false,false,2026-02-27T00:32:24,"",Customer confirmed resolution after reopened specialist review.,close_ticket,accepted_after_reopen
TKT-00119,2026-03-07T10:58:29,true,"Worked perfectly, thanks!","",false,false,2026-03-07T11:29:06,"",Customer confirmed resolution; no rejection verification needed.,close_ticket,accepted_by_customer
TKT-00120,2026-03-12T06:49:44,true,Resolved. Closing the loop on our end.,"",false,false,2026-03-12T08:09:43,"",Customer confirmed resolution; no rejection verification needed.,close_ticket,accepted_by_customer
TKT-00121,2026-01-20T00:40:05,true,Confirmed fixed. Thank you.,"",false,false,2026-01-20T01:14:44,"",Customer confirmed resolution; no rejection verification needed.,close_ticket,accepted_by_customer
TKT-00122,2026-02-11T00:25:49,true,Confirmed fixed. Thank you.,"",false,false,2026-02-11T02:02:26,"",Customer confirmed resolution; no rejection verification needed.,close_ticket,accepted_by_customer
TKT-00123,2026-03-22T23:05:17,false,Tried the steps but the problem is still happening.,Steps did not resolve the issue,true,true,"",IT-004,IT reviewed the customer's reply and confirmed the symptom is still in scope.,reopen_and_escalate,pending_reopened_review
TKT-00123,2026-03-23T14:24:37,false,Not fixed yet — escalated to vendor on our side.,Issue still persists after re-investigation,true,false,2026-03-23T20:42:44,IT-004,IT verified continued failure and closed as unresolved with vendor-side follow-up.,close_unresolved_vendor_followup,unresolved_after_reopen
TKT-00124,2026-03-15T21:25:01,true,Resolved. Closing the loop on our end.,"",false,false,2026-03-15T22:15:14,"",Customer confirmed resolution; no rejection verification needed.,close_ticket,accepted_by_customer
TKT-00125,2026-02-11T07:09:40,true,"Worked perfectly, thanks!","",false,false,2026-02-11T07:45:01,"",Customer confirmed resolution; no rejection verification needed.,close_ticket,accepted_by_customer
TKT-00126,2026-01-31T05:37:10,false,Tried the steps but the problem is still happening.,Need different approach,true,false,2026-01-31T10:37:50,IT-006,IT verified rejection but did not reopen because no actionable internal path remained.,close_unresolved,unresolved_no_reopen
TKT-00127,2026-02-13T23:45:01,true,Confirmed fixed. Thank you.,"",false,false,2026-02-14T00:10:22,"",Customer confirmed resolution; no rejection verification needed.,close_ticket,accepted_by_customer
TKT-00128,2026-02-18T22:26:38,true,"Worked perfectly, thanks!","",false,false,2026-02-18T22:58:27,"",Customer confirmed resolution; no rejection verification needed.,close_ticket,accepted_by_customer
TKT-00129,2026-02-07T14:30:16,true,All set — appreciate the quick turnaround.,"",false,false,2026-02-07T14:56:30,"",Customer confirmed resolution; no rejection verification needed.,close_ticket,accepted_by_customer
TKT-00130,2026-02-20T15:50:51,false,Tried the steps but the problem is still happening.,Solution applied but symptom persists,true,true,"",IT-003,IT reviewed the customer's reply and confirmed the symptom is still in scope.,reopen_and_escalate,pending_reopened_review
TKT-00130,2026-02-23T07:56:05,true,Confirmed fixed after the deeper investigation. Thanks for the persistence.,"",false,false,2026-02-23T09:21:27,"",Customer confirmed resolution after reopened specialist review.,close_ticket,accepted_after_reopen
TKT-00131,2026-03-29T19:12:30,true,Resolved. Closing the loop on our end.,"",false,false,2026-03-29T19:43:58,"",Customer confirmed resolution; no rejection verification needed.,close_ticket,accepted_by_customer
TKT-00132,2026-03-22T20:50:45,true,All set — appreciate the quick turnaround.,"",false,false,2026-03-22T21:18:50,"",Customer confirmed resolution; no rejection verification needed.,close_ticket,accepted_by_customer
TKT-00133,2026-01-28T18:03:58,true,Resolved. Closing the loop on our end.,"",false,false,2026-01-28T18:16:18,"",Customer confirmed resolution; no rejection verification needed.,close_ticket,accepted_by_customer
TKT-00134,2026-02-08T02:51:06,true,Confirmed fixed. Thank you.,"",false,false,2026-02-08T03:38:13,"",Customer confirmed resolution; no rejection verification needed.,close_ticket,accepted_by_customer
TKT-00135,2026-03-12T07:01:44,true,Resolved. Closing the loop on our end.,"",false,false,2026-03-12T08:39:39,"",Customer confirmed resolution; no rejection verification needed.,close_ticket,accepted_by_customer
TKT-00136,2026-01-25T12:00:09,true,All set — appreciate the quick turnaround.,"",false,false,2026-01-25T12:25:07,"",Customer confirmed resolution; no rejection verification needed.,close_ticket,accepted_by_customer
TKT-00137,2026-01-26T10:09:20,true,All set — appreciate the quick turnaround.,"",false,false,2026-01-26T11:13:56,"",Customer confirmed resolution; no rejection verification needed.,close_ticket,accepted_by_customer
TKT-00138,2026-01-22T03:49:27,true,Confirmed fixed. Thank you.,"",false,false,2026-01-22T04:38:43,"",Customer confirmed resolution; no rejection verification needed.,close_ticket,accepted_by_customer
TKT-00139,2026-01-24T12:30:57,true,All set — appreciate the quick turnaround.,"",false,false,2026-01-24T14:28:51,"",Customer confirmed resolution; no rejection verification needed.,close_ticket,accepted_by_customer
TKT-00140,2026-02-26T17:58:03,false,Tried the steps but the problem is still happening.,Solution applied but symptom persists,true,false,2026-02-27T00:27:41,IT-008,IT verified rejection but did not reopen because no actionable internal path remained.,close_unresolved,unresolved_no_reopen
TKT-00141,2026-01-27T12:50:12,false,Tried the steps but the problem is still happening.,Solution applied but symptom persists,true,true,"",IT-007,IT reviewed the customer's reply and confirmed the symptom is still in scope.,reopen_and_escalate,pending_reopened_review
TKT-00141,2026-01-29T03:57:01,true,Confirmed fixed after the deeper investigation. Thanks for the persistence.,"",false,false,2026-01-29T04:54:21,"",Customer confirmed resolution after reopened specialist review.,close_ticket,accepted_after_reopen
TKT-00142,2026-02-21T18:38:16,true,Resolved. Closing the loop on our end.,"",false,false,2026-02-21T19:06:27,"",Customer confirmed resolution; no rejection verification needed.,close_ticket,accepted_by_customer
TKT-00143,2026-03-29T03:41:35,true,Resolved. Closing the loop on our end.,"",false,false,2026-03-29T05:20:49,"",Customer confirmed resolution; no rejection verification needed.,close_ticket,accepted_by_customer
TKT-00144,2026-01-23T00:02:11,true,"Worked perfectly, thanks!","",false,false,2026-01-23T00:26:23,"",Customer confirmed resolution; no rejection verification needed.,close_ticket,accepted_by_customer
TKT-00145,2026-02-11T04:27:31,true,All set — appreciate the quick turnaround.,"",false,false,2026-02-11T05:18:15,"",Customer confirmed resolution; no rejection verification needed.,close_ticket,accepted_by_customer
TKT-00146,2026-03-14T06:16:25,true,Resolved. Closing the loop on our end.,"",false,false,2026-03-14T06:25:30,"",Customer confirmed resolution; no rejection verification needed.,close_ticket,accepted_by_customer
TKT-00147,2026-02-15T05:23:24,false,Tried the steps but the problem is still happening.,Steps did not resolve the issue,true,true,"",IT-007,IT reviewed the customer's reply and confirmed the symptom is still in scope.,reopen_and_escalate,pending_reopened_review
TKT-00147,2026-02-16T18:11:55,true,Confirmed fixed after the deeper investigation. Thanks for the persistence.,"",false,false,2026-02-16T19:27:10,"",Customer confirmed resolution after reopened specialist review.,close_ticket,accepted_after_reopen
TKT-00148,2026-01-27T02:25:00,true,"Worked perfectly, thanks!","",false,false,2026-01-27T03:43:16,"",Customer confirmed resolution; no rejection verification needed.,close_ticket,accepted_by_customer
TKT-00149,2026-01-28T10:40:13,true,All set — appreciate the quick turnaround.,"",false,false,2026-01-28T12:13:27,"",Customer confirmed resolution; no rejection verification needed.,close_ticket,accepted_by_customer
TKT-00150,2026-03-18T22:48:06,true,All set — appreciate the quick turnaround.,"",false,false,2026-03-19T00:01:35,"",Customer confirmed resolution; no rejection verification needed.,close_ticket,accepted_by_customer
TKT-00151,2026-01-30T21:24:06,true,Confirmed fixed. Thank you.,"",false,false,2026-01-30T23:23:36,"",Customer confirmed resolution; no rejection verification needed.,close_ticket,accepted_by_customer
TKT-00152,2026-03-14T18:21:18,true,Resolved. Closing the loop on our end.,"",false,false,2026-03-14T19:04:11,"",Customer confirmed resolution; no rejection verification needed.,close_ticket,accepted_by_customer
TKT-00153,2026-02-23T14:30:30,true,Confirmed fixed. Thank you.,"",false,false,2026-02-23T14:53:09,"",Customer confirmed resolution; no rejection verification needed.,close_ticket,accepted_by_customer
TKT-00154,2026-01-19T08:04:14,true,All set — appreciate the quick turnaround.,"",false,false,2026-01-19T08:31:33,"",Customer confirmed resolution; no rejection verification needed.,close_ticket,accepted_by_customer
TKT-00155,2026-03-02T13:37:33,true,"Worked perfectly, thanks!","",false,false,2026-03-02T15:06:49,"",Customer confirmed resolution; no rejection verification needed.,close_ticket,accepted_by_customer
TKT-00156,2026-01-19T19:44:18,false,Tried the steps but the problem is still happening.,Steps did not resolve the issue,true,true,"",IT-006,IT reviewed the customer's reply and confirmed the symptom is still in scope.,reopen_and_escalate,pending_reopened_review
TKT-00156,2026-01-21T22:42:46,false,Not fixed yet — escalated to vendor on our side.,Issue still persists after re-investigation,true,false,2026-01-22T04:39:42,IT-006,IT verified continued failure and closed as unresolved with vendor-side follow-up.,close_unresolved_vendor_followup,unresolved_after_reopen
TKT-00157,2026-02-17T03:02:26,true,Resolved. Closing the loop on our end.,"",false,false,2026-02-17T03:55:10,"",Customer confirmed resolution; no rejection verification needed.,close_ticket,accepted_by_customer
TKT-00158,2026-03-12T12:20:54,true,All set — appreciate the quick turnaround.,"",false,false,2026-03-12T13:48:44,"",Customer confirmed resolution; no rejection verification needed.,close_ticket,accepted_by_customer
TKT-00159,2026-01-21T00:31:08,true,Confirmed fixed. Thank you.,"",false,false,2026-01-21T02:16:16,"",Customer confirmed resolution; no rejection verification needed.,close_ticket,accepted_by_customer
TKT-00160,2026-03-07T05:21:11,true,Confirmed fixed. Thank you.,"",false,false,2026-03-07T06:05:04,"",Customer confirmed resolution; no rejection verification needed.,close_ticket,accepted_by_customer
TKT-00161,2026-01-27T20:58:38,true,All set — appreciate the quick turnaround.,"",false,false,2026-01-27T22:28:04,"",Customer confirmed resolution; no rejection verification needed.,close_ticket,accepted_by_customer
TKT-00162,2026-01-22T23:33:25,true,Resolved. Closing the loop on our end.,"",false,false,2026-01-23T01:03:50,"",Customer confirmed resolution; no rejection verification needed.,close_ticket,accepted_by_customer
TKT-00163,2026-02-14T05:09:13,true,Resolved. Closing the loop on our end.,"",false,false,2026-02-14T05:32:43,"",Customer confirmed resolution; no rejection verification needed.,close_ticket,accepted_by_customer
TKT-00164,2026-02-14T22:41:53,true,All set — appreciate the quick turnaround.,"",false,false,2026-02-14T23:52:41,"",Customer confirmed resolution; no rejection verification needed.,close_ticket,accepted_by_customer
TKT-00165,2026-02-20T02:09:07,true,All set — appreciate the quick turnaround.,"",false,false,2026-02-20T02:32:26,"",Customer confirmed resolution; no rejection verification needed.,close_ticket,accepted_by_customer
TKT-00166,2026-02-15T09:22:50,true,"Worked perfectly, thanks!","",false,false,2026-02-15T10:45:57,"",Customer confirmed resolution; no rejection verification needed.,close_ticket,accepted_by_customer
TKT-00167,2026-02-11T14:37:44,true,Resolved. Closing the loop on our end.,"",false,false,2026-02-11T15:03:44,"",Customer confirmed resolution; no rejection verification needed.,close_ticket,accepted_by_customer
TKT-00168,2026-04-02T21:48:00,false,Tried the steps but the problem is still happening.,Steps did not resolve the issue,true,false,2026-04-03T01:28:01,IT-007,IT verified rejection but did not reopen because no actionable internal path remained.,close_unresolved,unresolved_no_reopen
TKT-00169,2026-02-23T16:00:47,true,Confirmed fixed. Thank you.,"",false,false,2026-02-23T16:44:48,"",Customer confirmed resolution; no rejection verification needed.,close_ticket,accepted_by_customer
TKT-00170,2026-03-14T04:24:12,true,"Worked perfectly, thanks!","",false,false,2026-03-14T06:11:06,"",Customer confirmed resolution; no rejection verification needed.,close_ticket,accepted_by_customer
TKT-00171,2026-01-21T06:26:57,true,Confirmed fixed. Thank you.,"",false,false,2026-01-21T07:29:08,"",Customer confirmed resolution; no rejection verification needed.,close_ticket,accepted_by_customer
TKT-00172,2026-03-30T21:33:31,true,Confirmed fixed. Thank you.,"",false,false,2026-03-30T21:57:38,"",Customer confirmed resolution; no rejection verification needed.,close_ticket,accepted_by_customer
TKT-00173,2026-02-21T02:45:36,false,Tried the steps but the problem is still happening.,Solution applied but symptom persists,true,true,"",IT-006,IT reviewed the customer's reply and confirmed the symptom is still in scope.,reopen_and_escalate,pending_reopened_review
TKT-00173,2026-02-23T12:06:35,true,Confirmed fixed after the deeper investigation. Thanks for the persistence.,"",false,false,2026-02-23T12:26:22,"",Customer confirmed resolution after reopened specialist review.,close_ticket,accepted_after_reopen
TKT-00174,2026-03-20T01:57:39,true,Confirmed fixed. Thank you.,"",false,false,2026-03-20T03:17:46,"",Customer confirmed resolution; no rejection verification needed.,close_ticket,accepted_by_customer
TKT-00175,2026-03-03T22:07:12,false,Tried the steps but the problem is still happening.,Issue recurred after a few hours,true,true,"",IT-002,IT reviewed the customer's reply and confirmed the symptom is still in scope.,reopen_and_escalate,pending_reopened_review
TKT-00175,2026-03-05T12:28:13,true,Confirmed fixed after the deeper investigation. Thanks for the persistence.,"",false,false,2026-03-05T13:52:23,"",Customer confirmed resolution after reopened specialist review.,close_ticket,accepted_after_reopen
TKT-00176,2026-04-01T12:46:00,true,All set — appreciate the quick turnaround.,"",false,false,2026-04-01T13:09:45,"",Customer confirmed resolution; no rejection verification needed.,close_ticket,accepted_by_customer
TKT-00177,2026-01-21T14:46:38,true,Resolved. Closing the loop on our end.,"",false,false,2026-01-21T16:06:32,"",Customer confirmed resolution; no rejection verification needed.,close_ticket,accepted_by_customer
TKT-00178,2026-02-07T23:30:06,false,Tried the steps but the problem is still happening.,Issue recurred after a few hours,true,false,2026-02-08T02:51:36,IT-008,IT verified rejection but did not reopen because no actionable internal path remained.,close_unresolved,unresolved_no_reopen
TKT-00179,2026-01-22T09:15:01,true,All set — appreciate the quick turnaround.,"",false,false,2026-01-22T09:39:00,"",Customer confirmed resolution; no rejection verification needed.,close_ticket,accepted_by_customer
TKT-00180,2026-03-29T23:49:05,true,Confirmed fixed. Thank you.,"",false,false,2026-03-30T00:55:04,"",Customer confirmed resolution; no rejection verification needed.,close_ticket,accepted_by_customer
TKT-00181,2026-03-26T15:29:26,true,Resolved. Closing the loop on our end.,"",false,false,2026-03-26T16:15:37,"",Customer confirmed resolution; no rejection verification needed.,close_ticket,accepted_by_customer
TKT-00182,2026-02-11T04:19:07,true,All set — appreciate the quick turnaround.,"",false,false,2026-02-11T04:27:21,"",Customer confirmed resolution; no rejection verification needed.,close_ticket,accepted_by_customer
TKT-00183,2026-02-17T05:28:47,true,"Worked perfectly, thanks!","",false,false,2026-02-17T06:32:14,"",Customer confirmed resolution; no rejection verification needed.,close_ticket,accepted_by_customer
TKT-00184,2026-02-14T07:42:47,true,Confirmed fixed. Thank you.,"",false,false,2026-02-14T09:25:57,"",Customer confirmed resolution; no rejection verification needed.,close_ticket,accepted_by_customer
TKT-00185,2026-02-06T18:44:31,true,Resolved. Closing the loop on our end.,"",false,false,2026-02-06T19:17:48,"",Customer confirmed resolution; no rejection verification needed.,close_ticket,accepted_by_customer
TKT-00186,2026-03-02T00:14:15,true,"Worked perfectly, thanks!","",false,false,2026-03-02T01:35:32,"",Customer confirmed resolution; no rejection verification needed.,close_ticket,accepted_by_customer
TKT-00187,2026-02-17T11:13:45,false,Tried the steps but the problem is still happening.,Need different approach,true,false,2026-02-17T15:30:39,IT-006,IT verified rejection but did not reopen because no actionable internal path remained.,close_unresolved,unresolved_no_reopen
TKT-00188,2026-02-10T17:09:25,false,Tried the steps but the problem is still happening.,Issue recurred after a few hours,true,false,2026-02-10T22:29:57,IT-007,IT verified rejection but did not reopen because no actionable internal path remained.,close_unresolved,unresolved_no_reopen
TKT-00189,2026-01-20T07:12:12,true,Resolved. Closing the loop on our end.,"",false,false,2026-01-20T08:53:19,"",Customer confirmed resolution; no rejection verification needed.,close_ticket,accepted_by_customer
TKT-00190,2026-02-19T02:25:12,false,Tried the steps but the problem is still happening.,Steps did not resolve the issue,true,true,"",IT-006,IT reviewed the customer's reply and confirmed the symptom is still in scope.,reopen_and_escalate,pending_reopened_review
TKT-00190,2026-02-22T14:16:50,false,Not fixed yet — escalated to vendor on our side.,Issue still persists after re-investigation,true,false,2026-02-22T19:48:26,IT-006,IT verified continued failure and closed as unresolved with vendor-side follow-up.,close_unresolved_vendor_followup,unresolved_after_reopen
TKT-00191,2026-03-26T20:24:32,false,Tried the steps but the problem is still happening.,Need different approach,true,true,"",IT-001,IT reviewed the customer's reply and confirmed the symptom is still in scope.,reopen_and_escalate,pending_reopened_review
TKT-00191,2026-03-29T09:31:34,true,Confirmed fixed after the deeper investigation. Thanks for the persistence.,"",false,false,2026-03-29T09:56:56,"",Customer confirmed resolution after reopened specialist review.,close_ticket,accepted_after_reopen
TKT-00192,2026-04-01T09:15:02,true,All set — appreciate the quick turnaround.,"",false,false,2026-04-01T10:32:22,"",Customer confirmed resolution; no rejection verification needed.,close_ticket,accepted_by_customer
TKT-00193,2026-03-05T14:31:22,true,Confirmed fixed. Thank you.,"",false,false,2026-03-05T14:55:38,"",Customer confirmed resolution; no rejection verification needed.,close_ticket,accepted_by_customer
TKT-00194,2026-03-30T10:46:14,true,Resolved. Closing the loop on our end.,"",false,false,2026-03-30T11:55:19,"",Customer confirmed resolution; no rejection verification needed.,close_ticket,accepted_by_customer
TKT-00195,2026-03-17T16:44:35,true,Confirmed fixed. Thank you.,"",false,false,2026-03-17T17:24:16,"",Customer confirmed resolution; no rejection verification needed.,close_ticket,accepted_by_customer
TKT-00196,2026-02-25T02:55:37,true,All set — appreciate the quick turnaround.,"",false,false,2026-02-25T04:51:12,"",Customer confirmed resolution; no rejection verification needed.,close_ticket,accepted_by_customer
TKT-00197,2026-03-14T08:11:07,true,Resolved. Closing the loop on our end.,"",false,false,2026-03-14T08:18:07,"",Customer confirmed resolution; no rejection verification needed.,close_ticket,accepted_by_customer
TKT-00198,2026-03-25T21:02:36,true,Resolved. Closing the loop on our end.,"",false,false,2026-03-25T21:49:50,"",Customer confirmed resolution; no rejection verification needed.,close_ticket,accepted_by_customer
TKT-00199,2026-03-05T16:48:51,true,Resolved. Closing the loop on our end.,"",false,false,2026-03-05T18:39:28,"",Customer confirmed resolution; no rejection verification needed.,close_ticket,accepted_by_customer
TKT-00200,2026-02-20T14:23:27,true,All set — appreciate the quick turnaround.,"",false,false,2026-02-20T15:09:26,"",Customer confirmed resolution; no rejection verification needed.,close_ticket,accepted_by_customer
TKT-00201,2026-03-09T18:52:07,true,Resolved. Closing the loop on our end.,"",false,false,2026-03-09T20:14:02,"",Customer confirmed resolution; no rejection verification needed.,close_ticket,accepted_by_customer
TKT-00202,2026-03-23T09:37:24,true,Resolved. Closing the loop on our end.,"",false,false,2026-03-23T10:09:27,"",Customer confirmed resolution; no rejection verification needed.,close_ticket,accepted_by_customer
TKT-00203,2026-03-28T23:35:17,true,All set — appreciate the quick turnaround.,"",false,false,2026-03-29T01:22:31,"",Customer confirmed resolution; no rejection verification needed.,close_ticket,accepted_by_customer
TKT-00204,2026-03-02T04:44:08,true,Resolved. Closing the loop on our end.,"",false,false,2026-03-02T05:40:35,"",Customer confirmed resolution; no rejection verification needed.,close_ticket,accepted_by_customer
TKT-00205,2026-01-29T23:53:33,true,Resolved. Closing the loop on our end.,"",false,false,2026-01-30T00:17:34,"",Customer confirmed resolution; no rejection verification needed.,close_ticket,accepted_by_customer
TKT-00206,2026-02-03T03:22:09,true,Confirmed fixed. Thank you.,"",false,false,2026-02-03T04:37:36,"",Customer confirmed resolution; no rejection verification needed.,close_ticket,accepted_by_customer
TKT-00207,2026-02-11T13:33:46,false,Tried the steps but the problem is still happening.,Solution applied but symptom persists,true,true,"",IT-006,IT reviewed the customer's reply and confirmed the symptom is still in scope.,reopen_and_escalate,pending_reopened_review
TKT-00207,2026-02-13T15:33:02,true,Confirmed fixed after the deeper investigation. Thanks for the persistence.,"",false,false,2026-02-13T16:42:55,"",Customer confirmed resolution after reopened specialist review.,close_ticket,accepted_after_reopen
TKT-00208,2026-01-25T05:45:31,true,All set — appreciate the quick turnaround.,"",false,false,2026-01-25T07:23:17,"",Customer confirmed resolution; no rejection verification needed.,close_ticket,accepted_by_customer
TKT-00209,2026-04-02T21:41:46,true,Confirmed fixed. Thank you.,"",false,false,2026-04-02T23:38:27,"",Customer confirmed resolution; no rejection verification needed.,close_ticket,accepted_by_customer
TKT-00210,2026-03-04T13:10:38,false,Tried the steps but the problem is still happening.,Issue recurred after a few hours,true,true,"",IT-008,IT reviewed the customer's reply and confirmed the symptom is still in scope.,reopen_and_escalate,pending_reopened_review
TKT-00210,2026-03-06T20:48:33,true,Confirmed fixed after the deeper investigation. Thanks for the persistence.,"",false,false,2026-03-06T21:47:45,"",Customer confirmed resolution after reopened specialist review.,close_ticket,accepted_after_reopen
TKT-00211,2026-03-06T00:33:31,true,All set — appreciate the quick turnaround.,"",false,false,2026-03-06T02:07:58,"",Customer confirmed resolution; no rejection verification needed.,close_ticket,accepted_by_customer
TKT-00212,2026-02-04T18:46:01,true,All set — appreciate the quick turnaround.,"",false,false,2026-02-04T19:40:39,"",Customer confirmed resolution; no rejection verification needed.,close_ticket,accepted_by_customer
TKT-00213,2026-02-21T12:26:40,true,Resolved. Closing the loop on our end.,"",false,false,2026-02-21T13:43:35,"",Customer confirmed resolution; no rejection verification needed.,close_ticket,accepted_by_customer
TKT-00214,2026-02-04T20:07:28,true,"Worked perfectly, thanks!","",false,false,2026-02-04T21:30:19,"",Customer confirmed resolution; no rejection verification needed.,close_ticket,accepted_by_customer
TKT-00215,2026-03-16T06:43:22,false,Tried the steps but the problem is still happening.,Need different approach,true,true,"",IT-004,IT reviewed the customer's reply and confirmed the symptom is still in scope.,reopen_and_escalate,pending_reopened_review
TKT-00215,2026-03-19T14:05:12,false,Not fixed yet — escalated to vendor on our side.,Issue still persists after re-investigation,true,false,2026-03-19T15:46:31,IT-004,IT verified continued failure and closed as unresolved with vendor-side follow-up.,close_unresolved_vendor_followup,unresolved_after_reopen
TKT-00216,2026-02-17T01:44:03,true,Resolved. Closing the loop on our end.,"",false,false,2026-02-17T03:26:01,"",Customer confirmed resolution; no rejection verification needed.,close_ticket,accepted_by_customer
TKT-00217,2026-03-29T00:29:13,true,Resolved. Closing the loop on our end.,"",false,false,2026-03-29T01:36:20,"",Customer confirmed resolution; no rejection verification needed.,close_ticket,accepted_by_customer
TKT-00218,2026-03-14T13:46:03,false,Tried the steps but the problem is still happening.,Solution applied but symptom persists,true,true,"",IT-007,IT reviewed the customer's reply and confirmed the symptom is still in scope.,reopen_and_escalate,pending_reopened_review
TKT-00218,2026-03-17T12:20:27,true,Confirmed fixed after the deeper investigation. Thanks for the persistence.,"",false,false,2026-03-17T12:52:24,"",Customer confirmed resolution after reopened specialist review.,close_ticket,accepted_after_reopen
TKT-00219,2026-03-28T16:50:31,true,Resolved. Closing the loop on our end.,"",false,false,2026-03-28T17:43:05,"",Customer confirmed resolution; no rejection verification needed.,close_ticket,accepted_by_customer
TKT-00220,2026-02-25T10:56:03,true,All set — appreciate the quick turnaround.,"",false,false,2026-02-25T12:07:02,"",Customer confirmed resolution; no rejection verification needed.,close_ticket,accepted_by_customer
TKT-00221,2026-03-05T23:13:32,true,All set — appreciate the quick turnaround.,"",false,false,2026-03-06T00:17:50,"",Customer confirmed resolution; no rejection verification needed.,close_ticket,accepted_by_customer
TKT-00222,2026-01-22T01:09:41,true,"Worked perfectly, thanks!","",false,false,2026-01-22T01:20:27,"",Customer confirmed resolution; no rejection verification needed.,close_ticket,accepted_by_customer
TKT-00223,2026-02-20T10:30:31,true,"Worked perfectly, thanks!","",false,false,2026-02-20T12:21:56,"",Customer confirmed resolution; no rejection verification needed.,close_ticket,accepted_by_customer
TKT-00224,2026-01-29T13:26:30,true,Resolved. Closing the loop on our end.,"",false,false,2026-01-29T15:17:23,"",Customer confirmed resolution; no rejection verification needed.,close_ticket,accepted_by_customer
TKT-00225,2026-02-05T03:20:50,true,Resolved. Closing the loop on our end.,"",false,false,2026-02-05T05:06:05,"",Customer confirmed resolution; no rejection verification needed.,close_ticket,accepted_by_customer
TKT-00226,2026-03-23T05:47:27,true,Resolved. Closing the loop on our end.,"",false,false,2026-03-23T06:56:49,"",Customer confirmed resolution; no rejection verification needed.,close_ticket,accepted_by_customer
TKT-00227,2026-01-31T22:20:34,true,All set — appreciate the quick turnaround.,"",false,false,2026-01-31T23:50:57,"",Customer confirmed resolution; no rejection verification needed.,close_ticket,accepted_by_customer
TKT-00228,2026-03-20T15:35:05,true,"Worked perfectly, thanks!","",false,false,2026-03-20T15:42:19,"",Customer confirmed resolution; no rejection verification needed.,close_ticket,accepted_by_customer
TKT-00229,2026-02-16T19:33:02,true,All set — appreciate the quick turnaround.,"",false,false,2026-02-16T20:22:48,"",Customer confirmed resolution; no rejection verification needed.,close_ticket,accepted_by_customer
TKT-00230,2026-02-11T06:28:41,false,Tried the steps but the problem is still happening.,Issue recurred after a few hours,true,true,"",IT-003,IT reviewed the customer's reply and confirmed the symptom is still in scope.,reopen_and_escalate,pending_reopened_review
TKT-00230,2026-02-14T00:22:42,true,Confirmed fixed after the deeper investigation. Thanks for the persistence.,"",false,false,2026-02-14T02:16:22,"",Customer confirmed resolution after reopened specialist review.,close_ticket,accepted_after_reopen
TKT-00231,2026-03-07T23:23:29,false,Tried the steps but the problem is still happening.,Solution applied but symptom persists,true,true,"",IT-008,IT reviewed the customer's reply and confirmed the symptom is still in scope.,reopen_and_escalate,pending_reopened_review
TKT-00231,2026-03-10T08:56:22,false,Not fixed yet — escalated to vendor on our side.,Issue still persists after re-investigation,true,false,2026-03-10T14:04:14,IT-008,IT verified continued failure and closed as unresolved with vendor-side follow-up.,close_unresolved_vendor_followup,unresolved_after_reopen
TKT-00232,2026-03-06T17:52:44,true,All set — appreciate the quick turnaround.,"",false,false,2026-03-06T18:31:03,"",Customer confirmed resolution; no rejection verification needed.,close_ticket,accepted_by_customer
TKT-00233,2026-01-29T12:42:10,true,All set — appreciate the quick turnaround.,"",false,false,2026-01-29T13:29:56,"",Customer confirmed resolution; no rejection verification needed.,close_ticket,accepted_by_customer
TKT-00234,2026-03-23T01:37:24,true,All set — appreciate the quick turnaround.,"",false,false,2026-03-23T03:20:27,"",Customer confirmed resolution; no rejection verification needed.,close_ticket,accepted_by_customer
TKT-00235,2026-02-05T20:02:17,false,Tried the steps but the problem is still happening.,Steps did not resolve the issue,true,true,"",IT-002,IT reviewed the customer's reply and confirmed the symptom is still in scope.,reopen_and_escalate,pending_reopened_review
TKT-00235,2026-02-10T01:50:49,true,Confirmed fixed after the deeper investigation. Thanks for the persistence.,"",false,false,2026-02-10T02:09:22,"",Customer confirmed resolution after reopened specialist review.,close_ticket,accepted_after_reopen
TKT-00236,2026-03-16T17:57:10,true,Resolved. Closing the loop on our end.,"",false,false,2026-03-16T19:31:44,"",Customer confirmed resolution; no rejection verification needed.,close_ticket,accepted_by_customer
TKT-00237,2026-02-28T15:37:15,false,Tried the steps but the problem is still happening.,Issue recurred after a few hours,true,true,"",IT-002,IT reviewed the customer's reply and confirmed the symptom is still in scope.,reopen_and_escalate,pending_reopened_review
TKT-00237,2026-03-02T08:17:24,true,Confirmed fixed after the deeper investigation. Thanks for the persistence.,"",false,false,2026-03-02T08:43:16,"",Customer confirmed resolution after reopened specialist review.,close_ticket,accepted_after_reopen
TKT-00238,2026-03-08T15:25:41,true,Confirmed fixed. Thank you.,"",false,false,2026-03-08T16:29:25,"",Customer confirmed resolution; no rejection verification needed.,close_ticket,accepted_by_customer
TKT-00239,2026-02-13T08:45:48,true,All set — appreciate the quick turnaround.,"",false,false,2026-02-13T10:13:32,"",Customer confirmed resolution; no rejection verification needed.,close_ticket,accepted_by_customer
TKT-00240,2026-02-20T16:36:16,true,Resolved. Closing the loop on our end.,"",false,false,2026-02-20T17:08:44,"",Customer confirmed resolution; no rejection verification needed.,close_ticket,accepted_by_customer
TKT-00241,2026-02-19T16:26:59,true,Confirmed fixed. Thank you.,"",false,false,2026-02-19T17:27:58,"",Customer confirmed resolution; no rejection verification needed.,close_ticket,accepted_by_customer
TKT-00242,2026-02-17T22:21:14,true,All set — appreciate the quick turnaround.,"",false,false,2026-02-17T22:41:19,"",Customer confirmed resolution; no rejection verification needed.,close_ticket,accepted_by_customer
TKT-00243,2026-03-21T06:19:49,true,All set — appreciate the quick turnaround.,"",false,false,2026-03-21T07:44:11,"",Customer confirmed resolution; no rejection verification needed.,close_ticket,accepted_by_customer
TKT-00244,2026-01-27T05:39:45,false,Tried the steps but the problem is still happening.,Steps did not resolve the issue,true,true,"",IT-003,IT reviewed the customer's reply and confirmed the symptom is still in scope.,reopen_and_escalate,pending_reopened_review
TKT-00244,2026-01-29T22:12:58,true,Confirmed fixed after the deeper investigation. Thanks for the persistence.,"",false,false,2026-01-29T23:35:59,"",Customer confirmed resolution after reopened specialist review.,close_ticket,accepted_after_reopen
TKT-00245,2026-03-28T06:30:07,true,Confirmed fixed. Thank you.,"",false,false,2026-03-28T07:02:09,"",Customer confirmed resolution; no rejection verification needed.,close_ticket,accepted_by_customer
TKT-00246,2026-01-16T14:49:11,true,All set — appreciate the quick turnaround.,"",false,false,2026-01-16T16:16:17,"",Customer confirmed resolution; no rejection verification needed.,close_ticket,accepted_by_customer
TKT-00247,2026-03-21T16:25:06,true,Confirmed fixed. Thank you.,"",false,false,2026-03-21T18:06:06,"",Customer confirmed resolution; no rejection verification needed.,close_ticket,accepted_by_customer
TKT-00248,2026-01-20T05:41:07,true,All set — appreciate the quick turnaround.,"",false,false,2026-01-20T07:24:27,"",Customer confirmed resolution; no rejection verification needed.,close_ticket,accepted_by_customer
TKT-00249,2026-03-08T02:00:06,true,All set — appreciate the quick turnaround.,"",false,false,2026-03-08T02:23:00,"",Customer confirmed resolution; no rejection verification needed.,close_ticket,accepted_by_customer
TKT-00250,2026-03-05T08:21:49,true,Resolved. Closing the loop on our end.,"",false,false,2026-03-05T08:37:26,"",Customer confirmed resolution; no rejection verification needed.,close_ticket,accepted_by_customer
