ticket_id,escalated_at,it_member_id,specialist_id,escalation_reason,information_provided,missing_information_flag,requested_specialist_group,handoff_summary,specific_question_for_specialist,customer_evidence_included
TKT-00001,2026-01-18T08:38:23,IT-008,SP-010,no FAQ match found,subject + description + business impact + affected system + urgency + steps already tried; missing reproduction steps,true,billing_finance,Invoice total looks wrong in Billing System; category=billing_account; priority=medium; customer tried: Checked the invoice/account page twice.; impact: Finance team holding payment until corrected.,Please identify root cause and provide customer-safe resolution steps for Billing System.,ticket_description|business_impact|steps_already_tried|no_attachment|faq_search_notes
TKT-00003,2026-03-22T18:58:40,IT-008,SP-006,needs specialist review per triage flag,subject + description + business impact + affected system + urgency + steps already tried; missing reproduction steps,true,identity_security,Email calendar sync issue in Email; category=email_calendar; priority=low; customer tried: Restarted mail/calendar app.; impact: User missed customer meeting.,Please identify root cause and provide customer-safe resolution steps for Email.,ticket_description|business_impact|steps_already_tried|no_attachment|faq_search_notes
TKT-00005,2026-01-26T12:10:46,IT-007,SP-002,needs specialist review per triage flag,subject + description + business impact + affected system + urgency + steps already tried,false,identity_security,Out of office not sending in Email; category=email_calendar; priority=low; customer tried: Restarted mail/calendar app.; impact: Stakeholders unaware of leave.,Please identify root cause and provide customer-safe resolution steps for Email.,ticket_description|business_impact|steps_already_tried|no_attachment|faq_search_notes
TKT-00008,2026-03-04T22:11:06,IT-002,SP-006,no FAQ match found,subject + description + business impact + affected system + urgency + steps already tried + attachment; missing reproduction steps,true,identity_security,"Cannot log into customer portal in CRM; category=login_access; priority=high; customer tried: Retyped password, tried a private browser window.; impact: One user blocked from logging in.",Please identify root cause and provide customer-safe resolution steps for CRM.,ticket_description|business_impact|steps_already_tried|attachment|faq_search_notes
TKT-00008,2026-03-06T16:32:34,IT-002,SP-006,re-escalation after rejection,original ticket + first solution + customer feedback,false,identity_security,Customer rejected first response for Cannot log into customer portal; rejection='Issue recurred after a few hours'.,Review why the first resolution failed and provide corrected customer-safe steps.,original_ticket|first_response|customer_rejection
TKT-00009,2026-02-18T07:34:18,IT-008,SP-008,needs specialist review per triage flag,subject + description + business impact + affected system + urgency + steps already tried + attachment,false,application_engineering,Inventory App shows stale data in Customer Portal; category=software_bug; priority=high; customer tried: Refreshed browser and repeated the action.; impact: Warehouse team picking against incorrect data.,Please identify root cause and provide customer-safe resolution steps for Customer Portal.,ticket_description|business_impact|steps_already_tried|attachment|faq_search_notes
TKT-00009,2026-02-22T00:49:30,IT-008,SP-008,re-escalation after rejection,original ticket + first solution + customer feedback,true,application_engineering,Customer rejected first response for Inventory App shows stale data; rejection='Need different approach'.,Review why the first resolution failed and provide corrected customer-safe steps.,original_ticket|first_response|customer_rejection
TKT-00010,2026-02-10T03:33:07,IT-008,SP-008,no FAQ match found,subject + description + business impact + affected system + urgency + steps already tried; missing reproduction steps,true,application_engineering,Need help with a workflow in Customer Portal; category=other; priority=low; customer tried: Searched the help center but did not find a clear owner.; impact: User unable to complete task.,Please identify root cause and provide customer-safe resolution steps for Customer Portal.,ticket_description|business_impact|steps_already_tried|no_attachment|faq_search_notes
TKT-00011,2026-02-06T12:28:53,IT-008,SP-002,needs specialist review per triage flag,subject + description + business impact + affected system + urgency + steps already tried; missing reproduction steps,true,identity_security,"Stuck in SSO redirect loop in CRM; category=login_access; priority=high; customer tried: Retyped password, tried a private browser window.; impact: Two team members cannot start the day's work.",Please identify root cause and provide customer-safe resolution steps for CRM.,ticket_description|business_impact|steps_already_tried|no_attachment|faq_search_notes
TKT-00012,2026-01-19T11:58:41,IT-006,SP-001,needs specialist review per triage flag,subject + description + business impact + affected system + urgency + steps already tried + attachment,false,hardware_field,Wireless mouse not working in Customer Portal; category=hardware_issue; priority=high; customer tried: Restarted the device and checked cables/batteries.; impact: Single user partially blocked.,Please identify root cause and provide customer-safe resolution steps for Customer Portal.,ticket_description|business_impact|steps_already_tried|attachment|faq_search_notes
TKT-00012,2026-01-20T21:42:06,IT-006,SP-001,re-escalation after rejection,original ticket + first solution + customer feedback,false,hardware_field,Customer rejected first response for Wireless mouse not working; rejection='Steps did not resolve the issue'.,Review why the first resolution failed and provide corrected customer-safe steps.,original_ticket|first_response|customer_rejection
TKT-00013,2026-03-17T12:59:28,IT-001,SP-006,no FAQ match found,subject + description + business impact + affected system + urgency + steps already tried,false,identity_security,Service account password expired in CRM; category=password_reset; priority=medium; customer tried: Tried self-service reset link once.; impact: Nightly export job failing.,Please identify root cause and provide customer-safe resolution steps for CRM.,ticket_description|business_impact|steps_already_tried|no_attachment|faq_search_notes
TKT-00015,2026-01-17T04:30:00,IT-004,SP-003,no FAQ match found,subject + description + business impact + affected system + urgency + steps already tried + attachment,false,hardware_field,Printer offline error in Customer Portal; category=hardware_issue; priority=low; customer tried: Restarted the device and checked cables/batteries.; impact: Team cannot print client deliverables.,Please identify root cause and provide customer-safe resolution steps for Customer Portal.,ticket_description|business_impact|steps_already_tried|attachment|faq_search_notes
TKT-00016,2026-02-02T10:41:38,IT-005,SP-002,needs specialist review per triage flag,subject + description + business impact + affected system + urgency + steps already tried + attachment; missing reproduction steps,true,identity_security,Need access for new employee in Identity Provider; category=security_request; priority=urgent; customer tried: Checked with manager or security contact before submitting.; impact: New hire cannot access required systems.,Please identify root cause and provide customer-safe resolution steps for Identity Provider.,ticket_description|business_impact|steps_already_tried|attachment|faq_search_notes
TKT-00019,2026-02-10T01:22:34,IT-008,SP-009,no FAQ match found,subject + description + business impact + affected system + urgency + steps already tried,false,network_infra,Wi-Fi drops in conference room in VPN; category=network_connectivity; priority=high; customer tried: Restarted client and retried from the same location.; impact: Customer demos interrupted.,Please identify root cause and provide customer-safe resolution steps for VPN.,ticket_description|business_impact|steps_already_tried|no_attachment|faq_search_notes
TKT-00022,2026-02-18T16:47:19,IT-006,SP-006,re-escalation after rejection,original ticket + first solution + customer feedback,false,identity_security,Customer rejected first response for Account locked after travel; rejection='Solution applied but symptom persists'.,Review why the first resolution failed and provide corrected customer-safe steps.,original_ticket|first_response|customer_rejection
TKT-00023,2026-03-21T21:20:45,IT-003,SP-008,no FAQ match found,subject + description + business impact + affected system + urgency + steps already tried,false,application_engineering,Email calendar sync issue in Email; category=other; priority=medium; customer tried: Restarted mail/calendar app.; impact: User missed customer meeting.,Please identify root cause and provide customer-safe resolution steps for Email.,ticket_description|business_impact|steps_already_tried|no_attachment|faq_search_notes
TKT-00025,2026-02-25T16:01:49,IT-003,SP-006,no FAQ match found,subject + description + business impact + affected system + urgency + steps already tried,false,identity_security,"Account locked after travel in CRM; category=login_access; priority=medium; customer tried: Retyped password, tried a private browser window.; impact: Field rep blocked from CRM during customer visit.",Please identify root cause and provide customer-safe resolution steps for CRM.,ticket_description|business_impact|steps_already_tried|no_attachment|faq_search_notes
TKT-00025,2026-02-27T14:44:45,IT-003,SP-006,re-escalation after rejection,original ticket + first solution + customer feedback,false,identity_security,Customer rejected first response for Account locked after travel; rejection='Solution applied but symptom persists'.,Review why the first resolution failed and provide corrected customer-safe steps.,original_ticket|first_response|customer_rejection
TKT-00026,2026-02-05T00:31:12,IT-003,SP-002,needs specialist review per triage flag,subject + description + business impact + affected system + urgency + steps already tried + attachment,false,identity_security,"Cannot log into customer portal in Customer Portal; category=login_access; priority=high; customer tried: Retyped password, tried a private browser window.; impact: One user blocked from logging in.",Please identify root cause and provide customer-safe resolution steps for Customer Portal.,ticket_description|business_impact|steps_already_tried|attachment|faq_search_notes
TKT-00028,2026-03-03T23:29:28,IT-008,SP-002,no FAQ match found,subject + description + business impact + affected system + urgency + steps already tried + attachment,false,identity_security,Need access for new employee in Identity Provider; category=security_request; priority=high; customer tried: Checked with manager or security contact before submitting.; impact: New hire cannot access required systems.,Please identify root cause and provide customer-safe resolution steps for Identity Provider.,ticket_description|business_impact|steps_already_tried|attachment|faq_search_notes
TKT-00029,2026-03-19T22:18:28,IT-001,SP-006,needs specialist review per triage flag,subject + description + business impact + affected system + urgency + steps already tried + attachment,false,identity_security,Shared mailbox missing in Email; category=email_calendar; priority=urgent; customer tried: Restarted mail/calendar app.; impact: Support intake delayed.,Please identify root cause and provide customer-safe resolution steps for Email.,ticket_description|business_impact|steps_already_tried|attachment|faq_search_notes
TKT-00031,2026-02-02T13:55:14,IT-003,SP-002,needs specialist review per triage flag,subject + description + business impact + affected system + urgency + steps already tried,false,identity_security,Shared mailbox missing in Email; category=email_calendar; priority=medium; customer tried: Restarted mail/calendar app.; impact: Support intake delayed.,Please identify root cause and provide customer-safe resolution steps for Email.,ticket_description|business_impact|steps_already_tried|no_attachment|faq_search_notes
TKT-00034,2026-01-21T16:30:32,IT-007,SP-006,no FAQ match found,subject + description + business impact + affected system + urgency + steps already tried; missing reproduction steps,true,identity_security,"Account locked after travel in Identity Provider; category=login_access; priority=medium; customer tried: Retyped password, tried a private browser window.; impact: Field rep blocked from CRM during customer visit.",Please identify root cause and provide customer-safe resolution steps for Identity Provider.,ticket_description|business_impact|steps_already_tried|no_attachment|faq_search_notes
TKT-00035,2026-03-14T20:51:39,IT-006,SP-010,no FAQ match found,subject + description + business impact + affected system + urgency + steps already tried,false,billing_finance,Wrong billing region applied in Customer Portal; category=billing_account; priority=medium; customer tried: Checked the invoice/account page twice.; impact: Finance unable to close the month.,Please identify root cause and provide customer-safe resolution steps for Customer Portal.,ticket_description|business_impact|steps_already_tried|no_attachment|faq_search_notes
TKT-00036,2026-02-12T10:02:59,IT-007,SP-006,needs specialist review per triage flag,subject + description + business impact + affected system + urgency + steps already tried + attachment,false,identity_security,Out of office not sending in Email; category=email_calendar; priority=low; customer tried: Restarted mail/calendar app.; impact: Stakeholders unaware of leave.,Please identify root cause and provide customer-safe resolution steps for Email.,ticket_description|business_impact|steps_already_tried|attachment|faq_search_notes
TKT-00037,2026-02-15T21:48:13,IT-007,SP-010,no FAQ match found,subject + description + business impact + affected system + urgency + steps already tried,false,billing_finance,Cannot download invoice PDF in Customer Portal; category=billing_account; priority=medium; customer tried: Checked the invoice/account page twice.; impact: Customer cannot file expense reports.,Please identify root cause and provide customer-safe resolution steps for Customer Portal.,ticket_description|business_impact|steps_already_tried|no_attachment|faq_search_notes
TKT-00038,2026-02-26T11:44:42,IT-003,SP-006,needs specialist review per triage flag,subject + description + business impact + affected system + urgency + steps already tried,false,identity_security,Password reset link expired in Customer Portal; category=password_reset; priority=high; customer tried: Tried self-service reset link once.; impact: Customer demo delayed.,Please identify root cause and provide customer-safe resolution steps for Customer Portal.,ticket_description|business_impact|steps_already_tried|no_attachment|faq_search_notes
TKT-00040,2026-02-26T12:04:41,IT-004,SP-008,no FAQ match found,subject + description + business impact + affected system + urgency + steps already tried + attachment,false,application_engineering,General question about software list in Customer Portal; category=other; priority=high; customer tried: Searched the help center but did not find a clear owner.; impact: Productivity blocker for one user.,Please identify root cause and provide customer-safe resolution steps for Customer Portal.,ticket_description|business_impact|steps_already_tried|attachment|faq_search_notes
TKT-00041,2026-02-09T01:37:02,IT-003,SP-004,no FAQ match found,subject + description + business impact + affected system + urgency + steps already tried,false,network_infra,Need password reset in Customer Portal; category=network_connectivity; priority=urgent; customer tried: Tried self-service reset link once.; impact: One user blocked from logging in.,Please identify root cause and provide customer-safe resolution steps for Customer Portal.,ticket_description|business_impact|steps_already_tried|no_attachment|faq_search_notes
TKT-00042,2026-02-01T08:29:52,IT-008,SP-006,no FAQ match found,subject + description + business impact + affected system + urgency + steps already tried,false,identity_security,Suspicious login notification in Identity Provider; category=security_request; priority=high; customer tried: Checked with manager or security contact before submitting.; impact: Possible account compromise.,Please identify root cause and provide customer-safe resolution steps for Identity Provider.,ticket_description|business_impact|steps_already_tried|no_attachment|faq_search_notes
TKT-00045,2026-02-05T23:30:56,IT-003,SP-006,needs specialist review per triage flag,subject + description + business impact + affected system + urgency + steps already tried,false,identity_security,Vendor needs limited portal access in Identity Provider; category=security_request; priority=medium; customer tried: Checked with manager or security contact before submitting.; impact: Audit blocked without access.,Please identify root cause and provide customer-safe resolution steps for Identity Provider.,ticket_description|business_impact|steps_already_tried|no_attachment|faq_search_notes
TKT-00046,2026-02-03T05:22:15,IT-001,SP-002,no FAQ match found,subject + description + business impact + affected system + urgency + steps already tried,false,identity_security,"MFA prompt never arrives in CRM; category=login_access; priority=medium; customer tried: Retyped password, tried a private browser window.; impact: User cannot access required system.",Please identify root cause and provide customer-safe resolution steps for CRM.,ticket_description|business_impact|steps_already_tried|no_attachment|faq_search_notes
TKT-00047,2026-03-23T02:50:26,IT-003,SP-008,no FAQ match found,subject + description + business impact + affected system + urgency + steps already tried,false,application_engineering,Need help with a workflow in Customer Portal; category=other; priority=medium; customer tried: Searched the help center but did not find a clear owner.; impact: User unable to complete task.,Please identify root cause and provide customer-safe resolution steps for Customer Portal.,ticket_description|business_impact|steps_already_tried|no_attachment|faq_search_notes
TKT-00053,2026-03-30T19:59:53,IT-003,SP-010,no FAQ match found,subject + description + business impact + affected system + urgency + steps already tried,false,billing_finance,Wrong billing region applied in Customer Portal; category=billing_account; priority=high; customer tried: Checked the invoice/account page twice.; impact: Finance unable to close the month.,Please identify root cause and provide customer-safe resolution steps for Customer Portal.,ticket_description|business_impact|steps_already_tried|no_attachment|faq_search_notes
TKT-00054,2026-02-11T16:16:30,IT-005,SP-003,no FAQ match found,subject + description + business impact + affected system + urgency + steps already tried,false,hardware_field,Laptop battery drains in 1 hour in Customer Portal; category=hardware_issue; priority=medium; customer tried: Restarted the device and checked cables/batteries.; impact: Travel-blocking hardware issue.,Please identify root cause and provide customer-safe resolution steps for Customer Portal.,ticket_description|business_impact|steps_already_tried|no_attachment|faq_search_notes
TKT-00055,2026-02-08T12:43:29,IT-001,SP-010,no FAQ match found,subject + description + business impact + affected system + urgency + steps already tried + attachment,false,billing_finance,Cannot download invoice PDF in Billing System; category=billing_account; priority=medium; customer tried: Checked the invoice/account page twice.; impact: Customer cannot file expense reports.,Please identify root cause and provide customer-safe resolution steps for Billing System.,ticket_description|business_impact|steps_already_tried|attachment|faq_search_notes
TKT-00057,2026-02-13T09:28:26,IT-003,SP-008,needs specialist review per triage flag,subject + description + business impact + affected system + urgency + steps already tried; missing reproduction steps,true,application_engineering,Suspicious login notification in Identity Provider; category=software_bug; priority=high; customer tried: Checked with manager or security contact before submitting.; impact: Possible account compromise.,Please identify root cause and provide customer-safe resolution steps for Identity Provider.,ticket_description|business_impact|steps_already_tried|no_attachment|faq_search_notes
TKT-00058,2026-03-23T04:23:38,IT-006,SP-009,no FAQ match found,subject + description + business impact + affected system + urgency + steps already tried; missing reproduction steps,true,network_infra,High latency to internal apps in VPN; category=network_connectivity; priority=high; customer tried: Restarted client and retried from the same location.; impact: Whole regional team affected.,Please identify root cause and provide customer-safe resolution steps for VPN.,ticket_description|business_impact|steps_already_tried|no_attachment|faq_search_notes
TKT-00059,2026-01-16T07:33:35,IT-003,SP-001,no FAQ match found,subject + description + business impact + affected system + urgency + steps already tried,false,hardware_field,Laptop battery drains in 1 hour in Customer Portal; category=hardware_issue; priority=high; customer tried: Restarted the device and checked cables/batteries.; impact: Travel-blocking hardware issue.,Please identify root cause and provide customer-safe resolution steps for Customer Portal.,ticket_description|business_impact|steps_already_tried|no_attachment|faq_search_notes
TKT-00060,2026-03-14T10:06:44,IT-006,SP-006,no FAQ match found,subject + description + business impact + affected system + urgency + steps already tried + attachment; missing reproduction steps,true,identity_security,Out of office not sending in Email; category=email_calendar; priority=medium; customer tried: Restarted mail/calendar app.; impact: Stakeholders unaware of leave.,Please identify root cause and provide customer-safe resolution steps for Email.,ticket_description|business_impact|steps_already_tried|attachment|faq_search_notes
TKT-00061,2026-02-24T14:14:13,IT-005,SP-002,needs specialist review per triage flag,subject + description + business impact + affected system + urgency + steps already tried,false,identity_security,"MFA prompt never arrives in CRM; category=login_access; priority=high; customer tried: Retyped password, tried a private browser window.; impact: User cannot access required system.",Please identify root cause and provide customer-safe resolution steps for CRM.,ticket_description|business_impact|steps_already_tried|no_attachment|faq_search_notes
TKT-00061,2026-02-25T19:34:09,IT-005,SP-006,re-escalation after rejection,original ticket + first solution + customer feedback,false,identity_security,Customer rejected first response for MFA prompt never arrives; rejection='Need different approach'.,Review why the first resolution failed and provide corrected customer-safe steps.,original_ticket|first_response|customer_rejection
TKT-00062,2026-01-17T17:58:55,IT-008,SP-008,no FAQ match found,subject + description + business impact + affected system + urgency + steps already tried + attachment,false,application_engineering,App freezes when opening report in Customer Portal; category=software_bug; priority=high; customer tried: Refreshed browser and repeated the action.; impact: Reporting workflow unusable.,Please identify root cause and provide customer-safe resolution steps for Customer Portal.,ticket_description|business_impact|steps_already_tried|attachment|faq_search_notes
TKT-00063,2026-03-25T11:48:06,IT-001,SP-008,needs specialist review per triage flag,subject + description + business impact + affected system + urgency + steps already tried + attachment,false,application_engineering,Saved filter not loading on dashboard in Analytics Dashboard; category=software_bug; priority=high; customer tried: Refreshed browser and repeated the action.; impact: Manager dashboard broken before exec review.,Please identify root cause and provide customer-safe resolution steps for Analytics Dashboard.,ticket_description|business_impact|steps_already_tried|attachment|faq_search_notes
TKT-00066,2026-03-23T02:53:33,IT-004,SP-008,needs specialist review per triage flag,subject + description + business impact + affected system + urgency + steps already tried,false,application_engineering,Equipment return process in Customer Portal; category=other; priority=high; customer tried: Searched the help center but did not find a clear owner.; impact: Offboarding workflow.,Please identify root cause and provide customer-safe resolution steps for Customer Portal.,ticket_description|business_impact|steps_already_tried|no_attachment|faq_search_notes
TKT-00067,2026-02-04T21:51:31,IT-002,SP-009,no FAQ match found,subject + description + business impact + affected system + urgency + steps already tried + attachment,false,network_infra,VPN disconnects every few minutes in VPN; category=network_connectivity; priority=medium; customer tried: Restarted client and retried from the same location.; impact: Remote engineer cannot stay connected to internal tools.,Please identify root cause and provide customer-safe resolution steps for VPN.,ticket_description|business_impact|steps_already_tried|attachment|faq_search_notes
TKT-00068,2026-03-30T02:10:36,IT-006,SP-005,needs specialist review per triage flag,subject + description + business impact + affected system + urgency + steps already tried,false,data_analytics,CRM export missing records in CRM; category=data_reporting; priority=medium; customer tried: Refreshed dashboard/export and retried later.; impact: QBR slides cannot be finalized.,Please identify root cause and provide customer-safe resolution steps for CRM.,ticket_description|business_impact|steps_already_tried|no_attachment|faq_search_notes
TKT-00068,2026-04-01T04:28:54,IT-006,SP-005,re-escalation after rejection,original ticket + first solution + customer feedback,false,data_analytics,Customer rejected first response for CRM export missing records; rejection='Need different approach'.,Review why the first resolution failed and provide corrected customer-safe steps.,original_ticket|first_response|customer_rejection
TKT-00069,2026-01-20T03:22:22,IT-003,SP-006,re-escalation after rejection,original ticket + first solution + customer feedback,false,identity_security,Customer rejected first response for Vendor needs limited portal access; rejection='Steps did not resolve the issue'.,Review why the first resolution failed and provide corrected customer-safe steps.,original_ticket|first_response|customer_rejection
TKT-00075,2026-03-30T22:40:57,IT-001,SP-008,no FAQ match found,subject + description + business impact + affected system + urgency + steps already tried,false,application_engineering,General question about software list in Customer Portal; category=other; priority=medium; customer tried: Searched the help center but did not find a clear owner.; impact: Productivity blocker for one user.,Please identify root cause and provide customer-safe resolution steps for Customer Portal.,ticket_description|business_impact|steps_already_tried|no_attachment|faq_search_notes
TKT-00077,2026-03-04T19:54:14,IT-004,SP-004,needs specialist review per triage flag,subject + description + business impact + affected system + urgency + steps already tried,false,network_infra,VPN disconnects every few minutes in VPN; category=network_connectivity; priority=urgent; customer tried: Restarted client and retried from the same location.; impact: Remote engineer cannot stay connected to internal tools.,Please identify root cause and provide customer-safe resolution steps for VPN.,ticket_description|business_impact|steps_already_tried|no_attachment|faq_search_notes
TKT-00080,2026-03-13T09:03:08,IT-004,SP-006,no FAQ match found,subject + description + business impact + affected system + urgency + steps already tried,false,identity_security,"Cannot log into customer portal in Identity Provider; category=login_access; priority=low; customer tried: Retyped password, tried a private browser window.; impact: One user blocked from logging in.",Please identify root cause and provide customer-safe resolution steps for Identity Provider.,ticket_description|business_impact|steps_already_tried|no_attachment|faq_search_notes
TKT-00081,2026-03-19T16:07:36,IT-002,SP-002,no FAQ match found,subject + description + business impact + affected system + urgency + steps already tried; missing reproduction steps,true,identity_security,Service account password expired in Customer Portal; category=password_reset; priority=low; customer tried: Tried self-service reset link once.; impact: Nightly export job failing.,Please identify root cause and provide customer-safe resolution steps for Customer Portal.,ticket_description|business_impact|steps_already_tried|no_attachment|faq_search_notes
TKT-00082,2026-03-18T00:12:16,IT-002,SP-010,no FAQ match found,subject + description + business impact + affected system + urgency + steps already tried; missing reproduction steps,true,billing_finance,Cannot download invoice PDF in Billing System; category=billing_account; priority=urgent; customer tried: Checked the invoice/account page twice.; impact: Customer cannot file expense reports.,Please identify root cause and provide customer-safe resolution steps for Billing System.,ticket_description|business_impact|steps_already_tried|no_attachment|faq_search_notes
TKT-00082,2026-03-19T23:51:09,IT-002,SP-010,re-escalation after rejection,original ticket + first solution + customer feedback,false,billing_finance,Customer rejected first response for Cannot download invoice PDF; rejection='Solution applied but symptom persists'.,Review why the first resolution failed and provide corrected customer-safe steps.,original_ticket|first_response|customer_rejection
TKT-00083,2026-03-04T17:47:45,IT-002,SP-005,no FAQ match found,subject + description + business impact + affected system + urgency + steps already tried,false,data_analytics,Need help with a workflow in Customer Portal; category=data_reporting; priority=medium; customer tried: Searched the help center but did not find a clear owner.; impact: User unable to complete task.,Please identify root cause and provide customer-safe resolution steps for Customer Portal.,ticket_description|business_impact|steps_already_tried|no_attachment|faq_search_notes
TKT-00084,2026-01-20T13:19:32,IT-008,SP-001,re-escalation after rejection,original ticket + first solution + customer feedback,false,hardware_field,Customer rejected first response for Wireless mouse not working; rejection='Solution applied but symptom persists'.,Review why the first resolution failed and provide corrected customer-safe steps.,original_ticket|first_response|customer_rejection
TKT-00085,2026-02-26T18:55:41,IT-003,SP-003,no FAQ match found,subject + description + business impact + affected system + urgency + steps already tried,false,hardware_field,Records missing after CRM export in Customer Portal; category=hardware_issue; priority=medium; customer tried: Refreshed browser and repeated the action.; impact: Sales pipeline data inconsistent.,Please identify root cause and provide customer-safe resolution steps for Customer Portal.,ticket_description|business_impact|steps_already_tried|no_attachment|faq_search_notes
TKT-00085,2026-03-01T21:34:18,IT-003,SP-003,re-escalation after rejection,original ticket + first solution + customer feedback,true,hardware_field,Customer rejected first response for Records missing after CRM export; rejection='Steps did not resolve the issue'.,Review why the first resolution failed and provide corrected customer-safe steps.,original_ticket|first_response|customer_rejection
TKT-00086,2026-02-24T22:19:02,IT-007,SP-004,needs specialist review per triage flag,subject + description + business impact + affected system + urgency + steps already tried; missing reproduction steps,true,network_infra,Wi-Fi drops in conference room in VPN; category=network_connectivity; priority=medium; customer tried: Restarted client and retried from the same location.; impact: Customer demos interrupted.,Please identify root cause and provide customer-safe resolution steps for VPN.,ticket_description|business_impact|steps_already_tried|no_attachment|faq_search_notes
TKT-00086,2026-02-26T09:26:43,IT-007,SP-004,re-escalation after rejection,original ticket + first solution + customer feedback,false,network_infra,Customer rejected first response for Wi-Fi drops in conference room; rejection='Issue recurred after a few hours'.,Review why the first resolution failed and provide corrected customer-safe steps.,original_ticket|first_response|customer_rejection
TKT-00089,2026-03-27T16:26:01,IT-003,SP-008,no FAQ match found,subject + description + business impact + affected system + urgency + steps already tried,false,application_engineering,Saved filter not loading on dashboard in CRM; category=software_bug; priority=high; customer tried: Refreshed browser and repeated the action.; impact: Manager dashboard broken before exec review.,Please identify root cause and provide customer-safe resolution steps for CRM.,ticket_description|business_impact|steps_already_tried|no_attachment|faq_search_notes
TKT-00090,2026-03-21T06:43:09,IT-005,SP-010,no FAQ match found,subject + description + business impact + affected system + urgency + steps already tried,false,billing_finance,Wrong billing region applied in Billing System; category=billing_account; priority=medium; customer tried: Checked the invoice/account page twice.; impact: Finance unable to close the month.,Please identify root cause and provide customer-safe resolution steps for Billing System.,ticket_description|business_impact|steps_already_tried|no_attachment|faq_search_notes
TKT-00091,2026-02-11T16:08:14,IT-005,SP-008,needs specialist review per triage flag,subject + description + business impact + affected system + urgency + steps already tried,false,application_engineering,Saved filter not loading on dashboard in Inventory App; category=software_bug; priority=medium; customer tried: Refreshed browser and repeated the action.; impact: Manager dashboard broken before exec review.,Please identify root cause and provide customer-safe resolution steps for Inventory App.,ticket_description|business_impact|steps_already_tried|no_attachment|faq_search_notes
TKT-00092,2026-01-21T06:37:09,IT-002,SP-005,no FAQ match found,subject + description + business impact + affected system + urgency + steps already tried + attachment,false,data_analytics,CRM export missing records in Analytics Dashboard; category=data_reporting; priority=medium; customer tried: Refreshed dashboard/export and retried later.; impact: QBR slides cannot be finalized.,Please identify root cause and provide customer-safe resolution steps for Analytics Dashboard.,ticket_description|business_impact|steps_already_tried|attachment|faq_search_notes
TKT-00094,2026-02-21T16:27:14,IT-004,SP-002,needs specialist review per triage flag,subject + description + business impact + affected system + urgency + steps already tried; missing reproduction steps,true,identity_security,Out of office not sending in Email; category=email_calendar; priority=high; customer tried: Restarted mail/calendar app.; impact: Stakeholders unaware of leave.,Please identify root cause and provide customer-safe resolution steps for Email.,ticket_description|business_impact|steps_already_tried|no_attachment|faq_search_notes
TKT-00095,2026-02-20T19:11:16,IT-001,SP-008,no FAQ match found,subject + description + business impact + affected system + urgency + steps already tried,false,application_engineering,Saved filter not loading on dashboard in Analytics Dashboard; category=software_bug; priority=medium; customer tried: Refreshed browser and repeated the action.; impact: Manager dashboard broken before exec review.,Please identify root cause and provide customer-safe resolution steps for Analytics Dashboard.,ticket_description|business_impact|steps_already_tried|no_attachment|faq_search_notes
TKT-00095,2026-02-25T12:19:24,IT-001,SP-008,re-escalation after rejection,original ticket + first solution + customer feedback,false,application_engineering,Customer rejected first response for Saved filter not loading on dashboard; rejection='Need different approach'.,Review why the first resolution failed and provide corrected customer-safe steps.,original_ticket|first_response|customer_rejection
TKT-00096,2026-03-19T09:22:34,IT-001,SP-009,no FAQ match found,subject + description + business impact + affected system + urgency + steps already tried + attachment,false,network_infra,Wrong billing region applied in Customer Portal; category=network_connectivity; priority=medium; customer tried: Checked the invoice/account page twice.; impact: Finance unable to close the month.,Please identify root cause and provide customer-safe resolution steps for Customer Portal.,ticket_description|business_impact|steps_already_tried|attachment|faq_search_notes
TKT-00096,2026-03-21T09:40:21,IT-001,SP-009,re-escalation after rejection,original ticket + first solution + customer feedback,false,network_infra,Customer rejected first response for Wrong billing region applied; rejection='Need different approach'.,Review why the first resolution failed and provide corrected customer-safe steps.,original_ticket|first_response|customer_rejection
TKT-00098,2026-02-25T23:22:49,IT-003,SP-008,no FAQ match found,subject + description + business impact + affected system + urgency + steps already tried,false,application_engineering,Need help with a workflow in Customer Portal; category=other; priority=medium; customer tried: Searched the help center but did not find a clear owner.; impact: User unable to complete task.,Please identify root cause and provide customer-safe resolution steps for Customer Portal.,ticket_description|business_impact|steps_already_tried|no_attachment|faq_search_notes
TKT-00099,2026-01-23T19:00:19,IT-008,SP-005,no FAQ match found,subject + description + business impact + affected system + urgency + steps already tried + attachment,false,data_analytics,Analytics dashboard not loading in Inventory App; category=data_reporting; priority=low; customer tried: Refreshed dashboard/export and retried later.; impact: Customer demo delayed because dashboard is down.,Please identify root cause and provide customer-safe resolution steps for Inventory App.,ticket_description|business_impact|steps_already_tried|attachment|faq_search_notes
TKT-00100,2026-02-23T12:38:38,IT-006,SP-002,no FAQ match found,subject + description + business impact + affected system + urgency + steps already tried,false,identity_security,"MFA prompt never arrives in Identity Provider; category=login_access; priority=medium; customer tried: Retyped password, tried a private browser window.; impact: User cannot access required system.",Please identify root cause and provide customer-safe resolution steps for Identity Provider.,ticket_description|business_impact|steps_already_tried|no_attachment|faq_search_notes
TKT-00102,2026-02-04T00:34:53,IT-005,SP-010,re-escalation after rejection,original ticket + first solution + customer feedback,false,billing_finance,Customer rejected first response for Invoice total looks wrong; rejection='Steps did not resolve the issue'.,Review why the first resolution failed and provide corrected customer-safe steps.,original_ticket|first_response|customer_rejection
TKT-00103,2026-02-02T16:32:01,IT-005,SP-009,needs specialist review per triage flag,subject + description + business impact + affected system + urgency + steps already tried,false,network_infra,VPN disconnects every few minutes in VPN; category=network_connectivity; priority=urgent; customer tried: Restarted client and retried from the same location.; impact: Remote engineer cannot stay connected to internal tools.,Please identify root cause and provide customer-safe resolution steps for VPN.,ticket_description|business_impact|steps_already_tried|no_attachment|faq_search_notes
TKT-00104,2026-02-12T18:08:37,IT-001,SP-007,needs specialist review per triage flag,subject + description + business impact + affected system + urgency + steps already tried,false,data_analytics,Stale numbers in finance dashboard in CRM; category=data_reporting; priority=medium; customer tried: Refreshed dashboard/export and retried later.; impact: Monthly close delayed by export issue.,Please identify root cause and provide customer-safe resolution steps for CRM.,ticket_description|business_impact|steps_already_tried|no_attachment|faq_search_notes
TKT-00106,2026-02-26T06:35:31,IT-004,SP-010,no FAQ match found,subject + description + business impact + affected system + urgency + steps already tried,false,billing_finance,Wrong billing region applied in Customer Portal; category=billing_account; priority=low; customer tried: Checked the invoice/account page twice.; impact: Finance unable to close the month.,Please identify root cause and provide customer-safe resolution steps for Customer Portal.,ticket_description|business_impact|steps_already_tried|no_attachment|faq_search_notes
TKT-00106,2026-02-27T20:01:29,IT-004,SP-010,re-escalation after rejection,original ticket + first solution + customer feedback,false,billing_finance,Customer rejected first response for Wrong billing region applied; rejection='Steps did not resolve the issue'.,Review why the first resolution failed and provide corrected customer-safe steps.,original_ticket|first_response|customer_rejection
TKT-00107,2026-03-30T06:47:43,IT-004,SP-002,no FAQ match found,subject + description + business impact + affected system + urgency + steps already tried; missing reproduction steps,true,identity_security,"MFA prompt never arrives in Customer Portal; category=login_access; priority=high; customer tried: Retyped password, tried a private browser window.; impact: User cannot access required system.",Please identify root cause and provide customer-safe resolution steps for Customer Portal.,ticket_description|business_impact|steps_already_tried|no_attachment|faq_search_notes
TKT-00107,2026-03-31T11:19:01,IT-004,SP-002,re-escalation after rejection,original ticket + first solution + customer feedback,false,identity_security,Customer rejected first response for MFA prompt never arrives; rejection='Steps did not resolve the issue'.,Review why the first resolution failed and provide corrected customer-safe steps.,original_ticket|first_response|customer_rejection
TKT-00110,2026-01-19T20:41:05,IT-002,SP-005,needs specialist review per triage flag,subject + description + business impact + affected system + urgency + steps already tried,false,data_analytics,CRM export missing records in CRM; category=data_reporting; priority=medium; customer tried: Refreshed dashboard/export and retried later.; impact: QBR slides cannot be finalized.,Please identify root cause and provide customer-safe resolution steps for CRM.,ticket_description|business_impact|steps_already_tried|no_attachment|faq_search_notes
TKT-00111,2026-01-20T21:17:15,IT-008,SP-002,re-escalation after rejection,original ticket + first solution + customer feedback,false,identity_security,Customer rejected first response for Cannot log into customer portal; rejection='Steps did not resolve the issue'.,Review why the first resolution failed and provide corrected customer-safe steps.,original_ticket|first_response|customer_rejection
TKT-00112,2026-03-30T08:24:08,IT-008,SP-008,needs specialist review per triage flag,subject + description + business impact + affected system + urgency + steps already tried + attachment; missing reproduction steps,true,application_engineering,Need help with a workflow in Customer Portal; category=other; priority=medium; customer tried: Searched the help center but did not find a clear owner.; impact: User unable to complete task.,Please identify root cause and provide customer-safe resolution steps for Customer Portal.,ticket_description|business_impact|steps_already_tried|attachment|faq_search_notes
TKT-00113,2026-02-25T09:54:19,IT-003,SP-002,needs specialist review per triage flag,subject + description + business impact + affected system + urgency + steps already tried + attachment; missing reproduction steps,true,identity_security,Need access for new employee in Identity Provider; category=security_request; priority=medium; customer tried: Checked with manager or security contact before submitting.; impact: New hire cannot access required systems.,Please identify root cause and provide customer-safe resolution steps for Identity Provider.,ticket_description|business_impact|steps_already_tried|attachment|faq_search_notes
TKT-00114,2026-01-23T08:01:49,IT-003,SP-009,no FAQ match found,subject + description + business impact + affected system + urgency + steps already tried + attachment,false,network_infra,Wi-Fi drops in conference room in VPN; category=network_connectivity; priority=high; customer tried: Restarted client and retried from the same location.; impact: Customer demos interrupted.,Please identify root cause and provide customer-safe resolution steps for VPN.,ticket_description|business_impact|steps_already_tried|attachment|faq_search_notes
TKT-00115,2026-02-09T06:59:50,IT-008,SP-006,no FAQ match found,subject + description + business impact + affected system + urgency + steps already tried,false,identity_security,Need access for new employee in Identity Provider; category=security_request; priority=urgent; customer tried: Checked with manager or security contact before submitting.; impact: New hire cannot access required systems.,Please identify root cause and provide customer-safe resolution steps for Identity Provider.,ticket_description|business_impact|steps_already_tried|no_attachment|faq_search_notes
TKT-00117,2026-02-01T02:24:54,IT-004,SP-002,no FAQ match found,subject + description + business impact + affected system + urgency + steps already tried; missing reproduction steps,true,identity_security,"Account locked after travel in Identity Provider; category=login_access; priority=low; customer tried: Retyped password, tried a private browser window.; impact: Field rep blocked from CRM during customer visit.",Please identify root cause and provide customer-safe resolution steps for Identity Provider.,ticket_description|business_impact|steps_already_tried|no_attachment|faq_search_notes
TKT-00118,2026-02-21T06:19:31,IT-008,SP-005,no FAQ match found,subject + description + business impact + affected system + urgency + steps already tried,false,data_analytics,Stale numbers in finance dashboard in Analytics Dashboard; category=data_reporting; priority=medium; customer tried: Refreshed dashboard/export and retried later.; impact: Monthly close delayed by export issue.,Please identify root cause and provide customer-safe resolution steps for Analytics Dashboard.,ticket_description|business_impact|steps_already_tried|no_attachment|faq_search_notes
TKT-00118,2026-02-25T17:28:49,IT-008,SP-005,re-escalation after rejection,original ticket + first solution + customer feedback,false,data_analytics,Customer rejected first response for Stale numbers in finance dashboard; rejection='Solution applied but symptom persists'.,Review why the first resolution failed and provide corrected customer-safe steps.,original_ticket|first_response|customer_rejection
TKT-00119,2026-03-05T21:04:00,IT-002,SP-002,no FAQ match found,subject + description + business impact + affected system + urgency + steps already tried,false,identity_security,Shared mailbox missing in Email; category=email_calendar; priority=medium; customer tried: Restarted mail/calendar app.; impact: Support intake delayed.,Please identify root cause and provide customer-safe resolution steps for Email.,ticket_description|business_impact|steps_already_tried|no_attachment|faq_search_notes
TKT-00121,2026-01-18T05:09:43,IT-001,SP-009,no FAQ match found,subject + description + business impact + affected system + urgency + steps already tried,false,network_infra,Wi-Fi drops in conference room in VPN; category=network_connectivity; priority=high; customer tried: Restarted client and retried from the same location.; impact: Customer demos interrupted.,Please identify root cause and provide customer-safe resolution steps for VPN.,ticket_description|business_impact|steps_already_tried|no_attachment|faq_search_notes
TKT-00123,2026-03-23T04:41:01,IT-004,SP-002,re-escalation after rejection,original ticket + first solution + customer feedback,false,identity_security,Customer rejected first response for Shared mailbox missing; rejection='Steps did not resolve the issue'.,Review why the first resolution failed and provide corrected customer-safe steps.,original_ticket|first_response|customer_rejection
TKT-00124,2026-03-14T17:52:29,IT-002,SP-004,no FAQ match found,subject + description + business impact + affected system + urgency + steps already tried + attachment,false,network_infra,High latency to internal apps in VPN; category=network_connectivity; priority=medium; customer tried: Restarted client and retried from the same location.; impact: Whole regional team affected.,Please identify root cause and provide customer-safe resolution steps for VPN.,ticket_description|business_impact|steps_already_tried|attachment|faq_search_notes
TKT-00126,2026-01-29T12:46:42,IT-006,SP-010,no FAQ match found,subject + description + business impact + affected system + urgency + steps already tried + attachment; missing reproduction steps,true,billing_finance,Wrong billing region applied in Billing System; category=billing_account; priority=medium; customer tried: Checked the invoice/account page twice.; impact: Finance unable to close the month.,Please identify root cause and provide customer-safe resolution steps for Billing System.,ticket_description|business_impact|steps_already_tried|attachment|faq_search_notes
TKT-00127,2026-02-12T09:40:33,IT-002,SP-006,no FAQ match found,subject + description + business impact + affected system + urgency + steps already tried + attachment; missing reproduction steps,true,identity_security,"Stuck in SSO redirect loop in CRM; category=login_access; priority=low; customer tried: Retyped password, tried a private browser window.; impact: Two team members cannot start the day's work.",Please identify root cause and provide customer-safe resolution steps for CRM.,ticket_description|business_impact|steps_already_tried|attachment|faq_search_notes
TKT-00130,2026-02-20T18:24:29,IT-003,SP-006,re-escalation after rejection,original ticket + first solution + customer feedback,false,identity_security,Customer rejected first response for Cannot log into customer portal; rejection='Solution applied but symptom persists'.,Review why the first resolution failed and provide corrected customer-safe steps.,original_ticket|first_response|customer_rejection
TKT-00134,2026-02-03T08:44:08,IT-008,SP-008,needs specialist review per triage flag,subject + description + business impact + affected system + urgency + steps already tried,false,application_engineering,General question about software list in Customer Portal; category=other; priority=high; customer tried: Searched the help center but did not find a clear owner.; impact: Productivity blocker for one user.,Please identify root cause and provide customer-safe resolution steps for Customer Portal.,ticket_description|business_impact|steps_already_tried|no_attachment|faq_search_notes
TKT-00137,2026-01-25T09:56:02,IT-007,SP-007,needs specialist review per triage flag,subject + description + business impact + affected system + urgency + steps already tried,false,data_analytics,Analytics dashboard not loading in CRM; category=data_reporting; priority=high; customer tried: Refreshed dashboard/export and retried later.; impact: Customer demo delayed because dashboard is down.,Please identify root cause and provide customer-safe resolution steps for CRM.,ticket_description|business_impact|steps_already_tried|no_attachment|faq_search_notes
TKT-00138,2026-01-20T12:46:05,IT-007,SP-002,needs specialist review per triage flag,subject + description + business impact + affected system + urgency + steps already tried; missing reproduction steps,true,identity_security,"Cannot log into customer portal in Customer Portal; category=login_access; priority=high; customer tried: Retyped password, tried a private browser window.; impact: One user blocked from logging in.",Please identify root cause and provide customer-safe resolution steps for Customer Portal.,ticket_description|business_impact|steps_already_tried|no_attachment|faq_search_notes
TKT-00139,2026-01-21T14:39:32,IT-004,SP-008,no FAQ match found,subject + description + business impact + affected system + urgency + steps already tried,false,application_engineering,Need help with a workflow in Customer Portal; category=other; priority=low; customer tried: Searched the help center but did not find a clear owner.; impact: User unable to complete task.,Please identify root cause and provide customer-safe resolution steps for Customer Portal.,ticket_description|business_impact|steps_already_tried|no_attachment|faq_search_notes
TKT-00140,2026-02-24T19:52:12,IT-008,SP-002,no FAQ match found,subject + description + business impact + affected system + urgency + steps already tried + attachment,false,identity_security,"Stuck in SSO redirect loop in Customer Portal; category=login_access; priority=low; customer tried: Retyped password, tried a private browser window.; impact: Two team members cannot start the day's work.",Please identify root cause and provide customer-safe resolution steps for Customer Portal.,ticket_description|business_impact|steps_already_tried|attachment|faq_search_notes
TKT-00141,2026-01-27T16:41:43,IT-007,SP-006,re-escalation after rejection,original ticket + first solution + customer feedback,false,identity_security,Customer rejected first response for Need password reset; rejection='Solution applied but symptom persists'.,Review why the first resolution failed and provide corrected customer-safe steps.,original_ticket|first_response|customer_rejection
TKT-00144,2026-01-18T13:23:55,IT-004,SP-007,no FAQ match found,subject + description + business impact + affected system + urgency + steps already tried,false,data_analytics,Stale numbers in finance dashboard in CRM; category=data_reporting; priority=medium; customer tried: Refreshed dashboard/export and retried later.; impact: Monthly close delayed by export issue.,Please identify root cause and provide customer-safe resolution steps for CRM.,ticket_description|business_impact|steps_already_tried|no_attachment|faq_search_notes
TKT-00146,2026-03-11T13:25:05,IT-001,SP-005,needs specialist review per triage flag,subject + description + business impact + affected system + urgency + steps already tried + attachment,false,data_analytics,CRM export missing records in Analytics Dashboard; category=data_reporting; priority=medium; customer tried: Refreshed dashboard/export and retried later.; impact: QBR slides cannot be finalized.,Please identify root cause and provide customer-safe resolution steps for Analytics Dashboard.,ticket_description|business_impact|steps_already_tried|attachment|faq_search_notes
TKT-00147,2026-02-11T17:06:43,IT-007,SP-008,needs specialist review per triage flag,subject + description + business impact + affected system + urgency + steps already tried + attachment,false,application_engineering,Saved filter not loading on dashboard in Customer Portal; category=software_bug; priority=medium; customer tried: Refreshed browser and repeated the action.; impact: Manager dashboard broken before exec review.,Please identify root cause and provide customer-safe resolution steps for Customer Portal.,ticket_description|business_impact|steps_already_tried|attachment|faq_search_notes
TKT-00147,2026-02-15T08:56:02,IT-007,SP-008,re-escalation after rejection,original ticket + first solution + customer feedback,false,application_engineering,Customer rejected first response for Saved filter not loading on dashboard; rejection='Steps did not resolve the issue'.,Review why the first resolution failed and provide corrected customer-safe steps.,original_ticket|first_response|customer_rejection
TKT-00148,2026-01-24T13:51:59,IT-003,SP-007,no FAQ match found,subject + description + business impact + affected system + urgency + steps already tried,false,data_analytics,Stale numbers in finance dashboard in Analytics Dashboard; category=data_reporting; priority=medium; customer tried: Refreshed dashboard/export and retried later.; impact: Monthly close delayed by export issue.,Please identify root cause and provide customer-safe resolution steps for Analytics Dashboard.,ticket_description|business_impact|steps_already_tried|no_attachment|faq_search_notes
TKT-00153,2026-02-21T08:03:21,IT-006,SP-008,no FAQ match found,subject + description + business impact + affected system + urgency + steps already tried + attachment,false,application_engineering,Inventory App shows stale data in Customer Portal; category=software_bug; priority=high; customer tried: Refreshed browser and repeated the action.; impact: Warehouse team picking against incorrect data.,Please identify root cause and provide customer-safe resolution steps for Customer Portal.,ticket_description|business_impact|steps_already_tried|attachment|faq_search_notes
TKT-00154,2026-01-17T10:38:12,IT-008,SP-008,needs specialist review per triage flag,subject + description + business impact + affected system + urgency + steps already tried,false,application_engineering,Need help with a workflow in Customer Portal; category=other; priority=high; customer tried: Searched the help center but did not find a clear owner.; impact: User unable to complete task.,Please identify root cause and provide customer-safe resolution steps for Customer Portal.,ticket_description|business_impact|steps_already_tried|no_attachment|faq_search_notes
TKT-00155,2026-02-28T12:25:06,IT-008,SP-010,no FAQ match found,subject + description + business impact + affected system + urgency + steps already tried + attachment,false,billing_finance,Cannot download invoice PDF in Customer Portal; category=billing_account; priority=medium; customer tried: Checked the invoice/account page twice.; impact: Customer cannot file expense reports.,Please identify root cause and provide customer-safe resolution steps for Customer Portal.,ticket_description|business_impact|steps_already_tried|attachment|faq_search_notes
TKT-00156,2026-01-19T22:10:14,IT-006,SP-003,re-escalation after rejection,original ticket + first solution + customer feedback,false,hardware_field,Customer rejected first response for MFA prompt never arrives; rejection='Steps did not resolve the issue'.,Review why the first resolution failed and provide corrected customer-safe steps.,original_ticket|first_response|customer_rejection
TKT-00157,2026-02-15T00:41:58,IT-004,SP-007,needs specialist review per triage flag,subject + description + business impact + affected system + urgency + steps already tried; missing reproduction steps,true,data_analytics,CRM export missing records in Analytics Dashboard; category=data_reporting; priority=high; customer tried: Refreshed dashboard/export and retried later.; impact: QBR slides cannot be finalized.,Please identify root cause and provide customer-safe resolution steps for Analytics Dashboard.,ticket_description|business_impact|steps_already_tried|no_attachment|faq_search_notes
TKT-00158,2026-03-10T17:31:09,IT-005,SP-002,no FAQ match found,subject + description + business impact + affected system + urgency + steps already tried + attachment; missing reproduction steps,true,identity_security,Email calendar sync issue in Email; category=email_calendar; priority=high; customer tried: Restarted mail/calendar app.; impact: User missed customer meeting.,Please identify root cause and provide customer-safe resolution steps for Email.,ticket_description|business_impact|steps_already_tried|attachment|faq_search_notes
TKT-00162,2026-01-20T14:57:54,IT-002,SP-008,needs specialist review per triage flag,subject + description + business impact + affected system + urgency + steps already tried + attachment,false,application_engineering,Saved filter not loading on dashboard in Inventory App; category=software_bug; priority=medium; customer tried: Refreshed browser and repeated the action.; impact: Manager dashboard broken before exec review.,Please identify root cause and provide customer-safe resolution steps for Inventory App.,ticket_description|business_impact|steps_already_tried|attachment|faq_search_notes
TKT-00164,2026-02-12T19:37:39,IT-007,SP-006,no FAQ match found,subject + description + business impact + affected system + urgency + steps already tried + attachment,false,identity_security,"Account locked after travel in Customer Portal; category=login_access; priority=medium; customer tried: Retyped password, tried a private browser window.; impact: Field rep blocked from CRM during customer visit.",Please identify root cause and provide customer-safe resolution steps for Customer Portal.,ticket_description|business_impact|steps_already_tried|attachment|faq_search_notes
TKT-00165,2026-02-18T15:45:14,IT-003,SP-005,no FAQ match found,subject + description + business impact + affected system + urgency + steps already tried + attachment,false,data_analytics,Analytics dashboard not loading in Analytics Dashboard; category=data_reporting; priority=medium; customer tried: Refreshed dashboard/export and retried later.; impact: Customer demo delayed because dashboard is down.,Please identify root cause and provide customer-safe resolution steps for Analytics Dashboard.,ticket_description|business_impact|steps_already_tried|attachment|faq_search_notes
TKT-00167,2026-02-10T17:49:00,IT-005,SP-004,no FAQ match found,subject + description + business impact + affected system + urgency + steps already tried,false,network_infra,Wi-Fi drops in conference room in Identity Provider; category=network_connectivity; priority=urgent; customer tried: Restarted client and retried from the same location.; impact: Customer demos interrupted.,Please identify root cause and provide customer-safe resolution steps for Identity Provider.,ticket_description|business_impact|steps_already_tried|no_attachment|faq_search_notes
TKT-00168,2026-03-31T02:27:16,IT-007,SP-002,no FAQ match found,subject + description + business impact + affected system + urgency + steps already tried,false,identity_security,"Stuck in SSO redirect loop in Identity Provider; category=login_access; priority=medium; customer tried: Retyped password, tried a private browser window.; impact: Two team members cannot start the day's work.",Please identify root cause and provide customer-safe resolution steps for Identity Provider.,ticket_description|business_impact|steps_already_tried|no_attachment|faq_search_notes
TKT-00169,2026-02-20T15:19:53,IT-002,SP-008,no FAQ match found,subject + description + business impact + affected system + urgency + steps already tried,false,application_engineering,App freezes when opening report in Inventory App; category=software_bug; priority=high; customer tried: Refreshed browser and repeated the action.; impact: Reporting workflow unusable.,Please identify root cause and provide customer-safe resolution steps for Inventory App.,ticket_description|business_impact|steps_already_tried|no_attachment|faq_search_notes
TKT-00171,2026-01-19T13:11:51,IT-007,SP-010,no FAQ match found,subject + description + business impact + affected system + urgency + steps already tried + attachment,false,billing_finance,Invoice total looks wrong in Customer Portal; category=billing_account; priority=medium; customer tried: Checked the invoice/account page twice.; impact: Finance team holding payment until corrected.,Please identify root cause and provide customer-safe resolution steps for Customer Portal.,ticket_description|business_impact|steps_already_tried|attachment|faq_search_notes
TKT-00173,2026-02-19T20:15:48,IT-006,SP-006,no FAQ match found,subject + description + business impact + affected system + urgency + steps already tried + attachment,false,identity_security,"Cannot log into customer portal in CRM; category=login_access; priority=medium; customer tried: Retyped password, tried a private browser window.; impact: One user blocked from logging in.",Please identify root cause and provide customer-safe resolution steps for CRM.,ticket_description|business_impact|steps_already_tried|attachment|faq_search_notes
TKT-00173,2026-02-21T05:55:11,IT-006,SP-006,re-escalation after rejection,original ticket + first solution + customer feedback,false,identity_security,Customer rejected first response for Cannot log into customer portal; rejection='Solution applied but symptom persists'.,Review why the first resolution failed and provide corrected customer-safe steps.,original_ticket|first_response|customer_rejection
TKT-00174,2026-03-17T00:48:27,IT-002,SP-004,needs specialist review per triage flag,subject + description + business impact + affected system + urgency + steps already tried + attachment,false,network_infra,VPN disconnects every few minutes in Identity Provider; category=network_connectivity; priority=medium; customer tried: Restarted client and retried from the same location.; impact: Remote engineer cannot stay connected to internal tools.,Please identify root cause and provide customer-safe resolution steps for Identity Provider.,ticket_description|business_impact|steps_already_tried|attachment|faq_search_notes
TKT-00175,2026-03-04T02:02:09,IT-002,SP-006,re-escalation after rejection,original ticket + first solution + customer feedback,false,identity_security,Customer rejected first response for Service account password expired; rejection='Issue recurred after a few hours'.,Review why the first resolution failed and provide corrected customer-safe steps.,original_ticket|first_response|customer_rejection
TKT-00176,2026-03-26T04:22:26,IT-002,SP-008,no FAQ match found,subject + description + business impact + affected system + urgency + steps already tried,false,application_engineering,General question about software list in Customer Portal; category=other; priority=medium; customer tried: Searched the help center but did not find a clear owner.; impact: Productivity blocker for one user.,Please identify root cause and provide customer-safe resolution steps for Customer Portal.,ticket_description|business_impact|steps_already_tried|no_attachment|faq_search_notes
TKT-00178,2026-02-04T09:02:24,IT-008,SP-001,no FAQ match found,subject + description + business impact + affected system + urgency + steps already tried; missing reproduction steps,true,hardware_field,Printer offline error in Customer Portal; category=hardware_issue; priority=high; customer tried: Restarted the device and checked cables/batteries.; impact: Team cannot print client deliverables.,Please identify root cause and provide customer-safe resolution steps for Customer Portal.,ticket_description|business_impact|steps_already_tried|no_attachment|faq_search_notes
TKT-00179,2026-01-19T06:32:21,IT-004,SP-008,needs specialist review per triage flag,subject + description + business impact + affected system + urgency + steps already tried,false,application_engineering,Saved filter not loading on dashboard in Analytics Dashboard; category=software_bug; priority=high; customer tried: Refreshed browser and repeated the action.; impact: Manager dashboard broken before exec review.,Please identify root cause and provide customer-safe resolution steps for Analytics Dashboard.,ticket_description|business_impact|steps_already_tried|no_attachment|faq_search_notes
TKT-00181,2026-03-25T05:15:30,IT-002,SP-006,no FAQ match found,subject + description + business impact + affected system + urgency + steps already tried,false,identity_security,Out of office not sending in Email; category=email_calendar; priority=medium; customer tried: Restarted mail/calendar app.; impact: Stakeholders unaware of leave.,Please identify root cause and provide customer-safe resolution steps for Email.,ticket_description|business_impact|steps_already_tried|no_attachment|faq_search_notes
TKT-00182,2026-02-08T13:10:04,IT-008,SP-010,no FAQ match found,subject + description + business impact + affected system + urgency + steps already tried; missing reproduction steps,true,billing_finance,Invoice total looks wrong in Billing System; category=billing_account; priority=medium; customer tried: Checked the invoice/account page twice.; impact: Finance team holding payment until corrected.,Please identify root cause and provide customer-safe resolution steps for Billing System.,ticket_description|business_impact|steps_already_tried|no_attachment|faq_search_notes
TKT-00184,2026-02-13T13:39:27,IT-005,SP-010,no FAQ match found,subject + description + business impact + affected system + urgency + steps already tried,false,billing_finance,Invoice total looks wrong in Customer Portal; category=billing_account; priority=medium; customer tried: Checked the invoice/account page twice.; impact: Finance team holding payment until corrected.,Please identify root cause and provide customer-safe resolution steps for Customer Portal.,ticket_description|business_impact|steps_already_tried|no_attachment|faq_search_notes
TKT-00185,2026-02-05T04:25:08,IT-002,SP-002,no FAQ match found,subject + description + business impact + affected system + urgency + steps already tried,false,identity_security,Shared mailbox missing in Email; category=email_calendar; priority=medium; customer tried: Restarted mail/calendar app.; impact: Support intake delayed.,Please identify root cause and provide customer-safe resolution steps for Email.,ticket_description|business_impact|steps_already_tried|no_attachment|faq_search_notes
TKT-00186,2026-02-28T03:49:30,IT-007,SP-009,needs specialist review per triage flag,subject + description + business impact + affected system + urgency + steps already tried,false,network_infra,Wi-Fi drops in conference room in VPN; category=network_connectivity; priority=high; customer tried: Restarted client and retried from the same location.; impact: Customer demos interrupted.,Please identify root cause and provide customer-safe resolution steps for VPN.,ticket_description|business_impact|steps_already_tried|no_attachment|faq_search_notes
TKT-00187,2026-02-15T07:53:27,IT-006,SP-004,needs specialist review per triage flag,subject + description + business impact + affected system + urgency + steps already tried,false,network_infra,High latency to internal apps in Identity Provider; category=network_connectivity; priority=medium; customer tried: Restarted client and retried from the same location.; impact: Whole regional team affected.,Please identify root cause and provide customer-safe resolution steps for Identity Provider.,ticket_description|business_impact|steps_already_tried|no_attachment|faq_search_notes
TKT-00190,2026-02-18T03:27:23,IT-006,SP-007,no FAQ match found,subject + description + business impact + affected system + urgency + steps already tried; missing reproduction steps,true,data_analytics,CRM export missing records in Inventory App; category=data_reporting; priority=medium; customer tried: Refreshed dashboard/export and retried later.; impact: QBR slides cannot be finalized.,Please identify root cause and provide customer-safe resolution steps for Inventory App.,ticket_description|business_impact|steps_already_tried|no_attachment|faq_search_notes
TKT-00190,2026-02-19T06:14:40,IT-006,SP-007,re-escalation after rejection,original ticket + first solution + customer feedback,false,data_analytics,Customer rejected first response for CRM export missing records; rejection='Steps did not resolve the issue'.,Review why the first resolution failed and provide corrected customer-safe steps.,original_ticket|first_response|customer_rejection
TKT-00191,2026-03-25T23:05:32,IT-001,SP-002,no FAQ match found,subject + description + business impact + affected system + urgency + steps already tried; missing reproduction steps,true,identity_security,Service account password expired in Customer Portal; category=password_reset; priority=medium; customer tried: Tried self-service reset link once.; impact: Nightly export job failing.,Please identify root cause and provide customer-safe resolution steps for Customer Portal.,ticket_description|business_impact|steps_already_tried|no_attachment|faq_search_notes
TKT-00191,2026-03-27T01:31:12,IT-001,SP-006,re-escalation after rejection,original ticket + first solution + customer feedback,false,identity_security,Customer rejected first response for Service account password expired; rejection='Need different approach'.,Review why the first resolution failed and provide corrected customer-safe steps.,original_ticket|first_response|customer_rejection
TKT-00192,2026-03-31T05:52:02,IT-006,SP-006,needs specialist review per triage flag,subject + description + business impact + affected system + urgency + steps already tried + attachment,false,identity_security,Email calendar sync issue in Email; category=email_calendar; priority=medium; customer tried: Restarted mail/calendar app.; impact: User missed customer meeting.,Please identify root cause and provide customer-safe resolution steps for Email.,ticket_description|business_impact|steps_already_tried|attachment|faq_search_notes
TKT-00194,2026-03-27T21:03:19,IT-007,SP-002,no FAQ match found,subject + description + business impact + affected system + urgency + steps already tried; missing reproduction steps,true,identity_security,"MFA prompt never arrives in Identity Provider; category=login_access; priority=medium; customer tried: Retyped password, tried a private browser window.; impact: User cannot access required system.",Please identify root cause and provide customer-safe resolution steps for Identity Provider.,ticket_description|business_impact|steps_already_tried|no_attachment|faq_search_notes
TKT-00195,2026-03-15T18:05:48,IT-001,SP-007,no FAQ match found,subject + description + business impact + affected system + urgency + steps already tried,false,data_analytics,CRM export missing records in CRM; category=data_reporting; priority=high; customer tried: Refreshed dashboard/export and retried later.; impact: QBR slides cannot be finalized.,Please identify root cause and provide customer-safe resolution steps for CRM.,ticket_description|business_impact|steps_already_tried|no_attachment|faq_search_notes
TKT-00196,2026-02-23T01:39:51,IT-008,SP-002,no FAQ match found,subject + description + business impact + affected system + urgency + steps already tried,false,identity_security,"Stuck in SSO redirect loop in CRM; category=login_access; priority=medium; customer tried: Retyped password, tried a private browser window.; impact: Two team members cannot start the day's work.",Please identify root cause and provide customer-safe resolution steps for CRM.,ticket_description|business_impact|steps_already_tried|no_attachment|faq_search_notes
TKT-00197,2026-03-11T16:33:25,IT-001,SP-002,no FAQ match found,subject + description + business impact + affected system + urgency + steps already tried,false,identity_security,Password reset link expired in CRM; category=password_reset; priority=low; customer tried: Tried self-service reset link once.; impact: Customer demo delayed.,Please identify root cause and provide customer-safe resolution steps for CRM.,ticket_description|business_impact|steps_already_tried|no_attachment|faq_search_notes
TKT-00198,2026-03-23T05:08:01,IT-007,SP-002,needs specialist review per triage flag,subject + description + business impact + affected system + urgency + steps already tried,false,identity_security,Password reset link expired in CRM; category=password_reset; priority=low; customer tried: Tried self-service reset link once.; impact: Customer demo delayed.,Please identify root cause and provide customer-safe resolution steps for CRM.,ticket_description|business_impact|steps_already_tried|no_attachment|faq_search_notes
TKT-00199,2026-03-02T17:35:18,IT-002,SP-008,no FAQ match found,subject + description + business impact + affected system + urgency + steps already tried,false,application_engineering,General question about software list in Customer Portal; category=other; priority=medium; customer tried: Searched the help center but did not find a clear owner.; impact: Productivity blocker for one user.,Please identify root cause and provide customer-safe resolution steps for Customer Portal.,ticket_description|business_impact|steps_already_tried|no_attachment|faq_search_notes
TKT-00202,2026-03-22T06:59:31,IT-004,SP-010,no FAQ match found,subject + description + business impact + affected system + urgency + steps already tried,false,billing_finance,Wrong billing region applied in Customer Portal; category=billing_account; priority=medium; customer tried: Checked the invoice/account page twice.; impact: Finance unable to close the month.,Please identify root cause and provide customer-safe resolution steps for Customer Portal.,ticket_description|business_impact|steps_already_tried|no_attachment|faq_search_notes
TKT-00203,2026-03-27T04:43:47,IT-007,SP-004,needs specialist review per triage flag,subject + description + business impact + affected system + urgency + steps already tried + attachment,false,network_infra,High latency to internal apps in Identity Provider; category=network_connectivity; priority=medium; customer tried: Restarted client and retried from the same location.; impact: Whole regional team affected.,Please identify root cause and provide customer-safe resolution steps for Identity Provider.,ticket_description|business_impact|steps_already_tried|attachment|faq_search_notes
TKT-00204,2026-03-01T02:19:22,IT-004,SP-004,needs specialist review per triage flag,subject + description + business impact + affected system + urgency + steps already tried,false,network_infra,High latency to internal apps in Identity Provider; category=network_connectivity; priority=urgent; customer tried: Restarted client and retried from the same location.; impact: Whole regional team affected.,Please identify root cause and provide customer-safe resolution steps for Identity Provider.,ticket_description|business_impact|steps_already_tried|no_attachment|faq_search_notes
TKT-00205,2026-01-28T04:00:43,IT-005,SP-010,needs specialist review per triage flag,subject + description + business impact + affected system + urgency + steps already tried,false,billing_finance,Invoice total looks wrong in Billing System; category=billing_account; priority=high; customer tried: Checked the invoice/account page twice.; impact: Finance team holding payment until corrected.,Please identify root cause and provide customer-safe resolution steps for Billing System.,ticket_description|business_impact|steps_already_tried|no_attachment|faq_search_notes
TKT-00207,2026-02-10T14:32:47,IT-006,SP-004,needs specialist review per triage flag,subject + description + business impact + affected system + urgency + steps already tried,false,network_infra,High latency to internal apps in VPN; category=network_connectivity; priority=high; customer tried: Restarted client and retried from the same location.; impact: Whole regional team affected.,Please identify root cause and provide customer-safe resolution steps for VPN.,ticket_description|business_impact|steps_already_tried|no_attachment|faq_search_notes
TKT-00207,2026-02-11T16:05:20,IT-006,SP-009,re-escalation after rejection,original ticket + first solution + customer feedback,false,network_infra,Customer rejected first response for High latency to internal apps; rejection='Solution applied but symptom persists'.,Review why the first resolution failed and provide corrected customer-safe steps.,original_ticket|first_response|customer_rejection
TKT-00208,2026-01-22T12:57:38,IT-001,SP-009,no FAQ match found,subject + description + business impact + affected system + urgency + steps already tried,false,network_infra,High latency to internal apps in VPN; category=network_connectivity; priority=urgent; customer tried: Restarted client and retried from the same location.; impact: Whole regional team affected.,Please identify root cause and provide customer-safe resolution steps for VPN.,ticket_description|business_impact|steps_already_tried|no_attachment|faq_search_notes
TKT-00209,2026-03-29T10:40:27,IT-002,SP-003,needs specialist review per triage flag,subject + description + business impact + affected system + urgency + steps already tried; missing reproduction steps,true,hardware_field,Wireless mouse not working in Customer Portal; category=hardware_issue; priority=medium; customer tried: Restarted the device and checked cables/batteries.; impact: Single user partially blocked.,Please identify root cause and provide customer-safe resolution steps for Customer Portal.,ticket_description|business_impact|steps_already_tried|no_attachment|faq_search_notes
TKT-00210,2026-03-01T03:10:54,IT-008,SP-008,no FAQ match found,subject + description + business impact + affected system + urgency + steps already tried; missing reproduction steps,true,application_engineering,Equipment return process in Customer Portal; category=other; priority=high; customer tried: Searched the help center but did not find a clear owner.; impact: Offboarding workflow.,Please identify root cause and provide customer-safe resolution steps for Customer Portal.,ticket_description|business_impact|steps_already_tried|no_attachment|faq_search_notes
TKT-00210,2026-03-04T16:11:59,IT-008,SP-008,re-escalation after rejection,original ticket + first solution + customer feedback,false,application_engineering,Customer rejected first response for Equipment return process; rejection='Issue recurred after a few hours'.,Review why the first resolution failed and provide corrected customer-safe steps.,original_ticket|first_response|customer_rejection
TKT-00212,2026-02-01T03:46:03,IT-001,SP-006,no FAQ match found,subject + description + business impact + affected system + urgency + steps already tried,false,identity_security,Vendor needs limited portal access in Identity Provider; category=security_request; priority=high; customer tried: Checked with manager or security contact before submitting.; impact: Audit blocked without access.,Please identify root cause and provide customer-safe resolution steps for Identity Provider.,ticket_description|business_impact|steps_already_tried|no_attachment|faq_search_notes
TKT-00215,2026-03-11T02:23:47,IT-004,SP-008,needs specialist review per triage flag,subject + description + business impact + affected system + urgency + steps already tried + attachment,false,application_engineering,Records missing after CRM export in Analytics Dashboard; category=software_bug; priority=medium; customer tried: Refreshed browser and repeated the action.; impact: Sales pipeline data inconsistent.,Please identify root cause and provide customer-safe resolution steps for Analytics Dashboard.,ticket_description|business_impact|steps_already_tried|attachment|faq_search_notes
TKT-00215,2026-03-16T11:13:48,IT-004,SP-008,re-escalation after rejection,original ticket + first solution + customer feedback,false,application_engineering,Customer rejected first response for Records missing after CRM export; rejection='Need different approach'.,Review why the first resolution failed and provide corrected customer-safe steps.,original_ticket|first_response|customer_rejection
TKT-00218,2026-03-13T03:57:44,IT-007,SP-006,no FAQ match found,subject + description + business impact + affected system + urgency + steps already tried,false,identity_security,"Cannot log into customer portal in CRM; category=login_access; priority=medium; customer tried: Retyped password, tried a private browser window.; impact: One user blocked from logging in.",Please identify root cause and provide customer-safe resolution steps for CRM.,ticket_description|business_impact|steps_already_tried|no_attachment|faq_search_notes
TKT-00218,2026-03-14T18:23:36,IT-007,SP-002,re-escalation after rejection,original ticket + first solution + customer feedback,false,identity_security,Customer rejected first response for Cannot log into customer portal; rejection='Solution applied but symptom persists'.,Review why the first resolution failed and provide corrected customer-safe steps.,original_ticket|first_response|customer_rejection
TKT-00220,2026-02-22T20:28:46,IT-001,SP-009,no FAQ match found,subject + description + business impact + affected system + urgency + steps already tried,false,network_infra,High latency to internal apps in Identity Provider; category=network_connectivity; priority=high; customer tried: Restarted client and retried from the same location.; impact: Whole regional team affected.,Please identify root cause and provide customer-safe resolution steps for Identity Provider.,ticket_description|business_impact|steps_already_tried|no_attachment|faq_search_notes
TKT-00221,2026-03-04T18:41:28,IT-003,SP-001,no FAQ match found,subject + description + business impact + affected system + urgency + steps already tried + attachment,false,hardware_field,Wireless mouse not working in Customer Portal; category=hardware_issue; priority=high; customer tried: Restarted the device and checked cables/batteries.; impact: Single user partially blocked.,Please identify root cause and provide customer-safe resolution steps for Customer Portal.,ticket_description|business_impact|steps_already_tried|attachment|faq_search_notes
TKT-00223,2026-02-16T02:35:55,IT-002,SP-008,needs specialist review per triage flag,subject + description + business impact + affected system + urgency + steps already tried + attachment,false,application_engineering,Saved filter not loading on dashboard in Inventory App; category=software_bug; priority=medium; customer tried: Refreshed browser and repeated the action.; impact: Manager dashboard broken before exec review.,Please identify root cause and provide customer-safe resolution steps for Inventory App.,ticket_description|business_impact|steps_already_tried|attachment|faq_search_notes
TKT-00228,2026-03-18T10:21:16,IT-003,SP-002,no FAQ match found,subject + description + business impact + affected system + urgency + steps already tried + attachment; missing reproduction steps,true,identity_security,"Stuck in SSO redirect loop in Customer Portal; category=login_access; priority=medium; customer tried: Retyped password, tried a private browser window.; impact: Two team members cannot start the day's work.",Please identify root cause and provide customer-safe resolution steps for Customer Portal.,ticket_description|business_impact|steps_already_tried|attachment|faq_search_notes
TKT-00229,2026-02-13T20:16:47,IT-001,SP-004,needs specialist review per triage flag,subject + description + business impact + affected system + urgency + steps already tried,false,network_infra,Wi-Fi drops in conference room in Identity Provider; category=network_connectivity; priority=medium; customer tried: Restarted client and retried from the same location.; impact: Customer demos interrupted.,Please identify root cause and provide customer-safe resolution steps for Identity Provider.,ticket_description|business_impact|steps_already_tried|no_attachment|faq_search_notes
TKT-00230,2026-02-08T12:18:33,IT-003,SP-010,no FAQ match found,subject + description + business impact + affected system + urgency + steps already tried,false,billing_finance,Cannot download invoice PDF in Customer Portal; category=billing_account; priority=medium; customer tried: Checked the invoice/account page twice.; impact: Customer cannot file expense reports.,Please identify root cause and provide customer-safe resolution steps for Customer Portal.,ticket_description|business_impact|steps_already_tried|no_attachment|faq_search_notes
TKT-00230,2026-02-11T11:32:20,IT-003,SP-010,re-escalation after rejection,original ticket + first solution + customer feedback,false,billing_finance,Customer rejected first response for Cannot download invoice PDF; rejection='Issue recurred after a few hours'.,Review why the first resolution failed and provide corrected customer-safe steps.,original_ticket|first_response|customer_rejection
TKT-00231,2026-03-05T08:36:05,IT-008,SP-010,no FAQ match found,subject + description + business impact + affected system + urgency + steps already tried,false,billing_finance,Cannot download invoice PDF in Billing System; category=billing_account; priority=medium; customer tried: Checked the invoice/account page twice.; impact: Customer cannot file expense reports.,Please identify root cause and provide customer-safe resolution steps for Billing System.,ticket_description|business_impact|steps_already_tried|no_attachment|faq_search_notes
TKT-00231,2026-03-08T03:13:35,IT-008,SP-010,re-escalation after rejection,original ticket + first solution + customer feedback,true,billing_finance,Customer rejected first response for Cannot download invoice PDF; rejection='Solution applied but symptom persists'.,Review why the first resolution failed and provide corrected customer-safe steps.,original_ticket|first_response|customer_rejection
TKT-00232,2026-03-02T20:53:41,IT-005,SP-008,no FAQ match found,subject + description + business impact + affected system + urgency + steps already tried,false,application_engineering,Out of office not sending in Email; category=other; priority=medium; customer tried: Restarted mail/calendar app.; impact: Stakeholders unaware of leave.,Please identify root cause and provide customer-safe resolution steps for Email.,ticket_description|business_impact|steps_already_tried|no_attachment|faq_search_notes
TKT-00234,2026-03-19T13:21:01,IT-001,SP-006,needs specialist review per triage flag,subject + description + business impact + affected system + urgency + steps already tried,false,identity_security,Need access for new employee in Identity Provider; category=security_request; priority=high; customer tried: Checked with manager or security contact before submitting.; impact: New hire cannot access required systems.,Please identify root cause and provide customer-safe resolution steps for Identity Provider.,ticket_description|business_impact|steps_already_tried|no_attachment|faq_search_notes
TKT-00235,2026-02-03T01:13:24,IT-002,SP-002,no FAQ match found,subject + description + business impact + affected system + urgency + steps already tried,false,identity_security,Vendor needs limited portal access in Identity Provider; category=security_request; priority=high; customer tried: Checked with manager or security contact before submitting.; impact: Audit blocked without access.,Please identify root cause and provide customer-safe resolution steps for Identity Provider.,ticket_description|business_impact|steps_already_tried|no_attachment|faq_search_notes
TKT-00235,2026-02-05T23:51:58,IT-002,SP-006,re-escalation after rejection,original ticket + first solution + customer feedback,false,identity_security,Customer rejected first response for Vendor needs limited portal access; rejection='Steps did not resolve the issue'.,Review why the first resolution failed and provide corrected customer-safe steps.,original_ticket|first_response|customer_rejection
TKT-00237,2026-02-28T20:17:27,IT-002,SP-008,re-escalation after rejection,original ticket + first solution + customer feedback,false,application_engineering,Customer rejected first response for Saved filter not loading on dashboard; rejection='Issue recurred after a few hours'.,Review why the first resolution failed and provide corrected customer-safe steps.,original_ticket|first_response|customer_rejection
TKT-00238,2026-03-06T06:34:47,IT-008,SP-009,no FAQ match found,subject + description + business impact + affected system + urgency + steps already tried,false,network_infra,High latency to internal apps in Identity Provider; category=network_connectivity; priority=medium; customer tried: Restarted client and retried from the same location.; impact: Whole regional team affected.,Please identify root cause and provide customer-safe resolution steps for Identity Provider.,ticket_description|business_impact|steps_already_tried|no_attachment|faq_search_notes
TKT-00241,2026-02-17T21:59:58,IT-005,SP-006,no FAQ match found,subject + description + business impact + affected system + urgency + steps already tried + attachment,false,identity_security,"MFA prompt never arrives in Customer Portal; category=login_access; priority=high; customer tried: Retyped password, tried a private browser window.; impact: User cannot access required system.",Please identify root cause and provide customer-safe resolution steps for Customer Portal.,ticket_description|business_impact|steps_already_tried|attachment|faq_search_notes
TKT-00244,2026-01-27T12:11:32,IT-003,SP-009,re-escalation after rejection,original ticket + first solution + customer feedback,false,network_infra,Customer rejected first response for Wi-Fi drops in conference room; rejection='Steps did not resolve the issue'.,Review why the first resolution failed and provide corrected customer-safe steps.,original_ticket|first_response|customer_rejection
TKT-00247,2026-03-20T02:07:53,IT-001,SP-010,no FAQ match found,subject + description + business impact + affected system + urgency + steps already tried,false,billing_finance,Wrong billing region applied in Billing System; category=billing_account; priority=high; customer tried: Checked the invoice/account page twice.; impact: Finance unable to close the month.,Please identify root cause and provide customer-safe resolution steps for Billing System.,ticket_description|business_impact|steps_already_tried|no_attachment|faq_search_notes
TKT-00248,2026-01-17T11:22:47,IT-007,SP-010,no FAQ match found,subject + description + business impact + affected system + urgency + steps already tried,false,billing_finance,Cannot download invoice PDF in Billing System; category=billing_account; priority=high; customer tried: Checked the invoice/account page twice.; impact: Customer cannot file expense reports.,Please identify root cause and provide customer-safe resolution steps for Billing System.,ticket_description|business_impact|steps_already_tried|no_attachment|faq_search_notes
TKT-00250,2026-03-01T03:12:47,IT-008,SP-003,no FAQ match found,subject + description + business impact + affected system + urgency + steps already tried,false,hardware_field,Printer offline error in Customer Portal; category=hardware_issue; priority=medium; customer tried: Restarted the device and checked cables/batteries.; impact: Team cannot print client deliverables.,Please identify root cause and provide customer-safe resolution steps for Customer Portal.,ticket_description|business_impact|steps_already_tried|no_attachment|faq_search_notes
